<?xml version="1.0" encoding="UTF-8"?>

<AllergyIntolerance xmlns="http://hl7.org/fhir">
  <id value="MyPeanutAllergy"/>
  <meta>
    <profile value="http://example.com/fhir/testable/StructureDefinition/FoodAllergy"/>
  </meta>
  <text>
    <status value="generated"/><div xmlns="http://www.w3.org/1999/xhtml"><p><b>Generated Narrative: AllergyIntolerance</b><a name="MyPeanutAllergy"> </a></p><div style="display: inline-block; background-color: #d9e0e7; padding: 6px; margin: 4px; border: 1px solid #8da1b4; border-radius: 5px; line-height: 60%"><p style="margin-bottom: 0px">Resource AllergyIntolerance "MyPeanutAllergy" </p><p style="margin-bottom: 0px">Profile: <a href="StructureDefinition-FoodAllergy.html">Food Allergy</a></p></div><p><b>clinicalStatus</b>: Active <span style="background: LightGoldenRodYellow; margin: 4px; border: 1px solid khaki"> (<a href="http://terminology.hl7.org/4.0.0/CodeSystem-allergyintolerance-clinical.html">AllergyIntolerance Clinical Status Codes</a>#active)</span></p><p><b>verificationStatus</b>: Unconfirmed <span style="background: LightGoldenRodYellow; margin: 4px; border: 1px solid khaki"> (<a href="http://terminology.hl7.org/4.0.0/CodeSystem-allergyintolerance-verification.html">AllergyIntolerance Verification Status</a>#unconfirmed)</span></p><p><b>code</b>: Allergy to peanut <span style="background: LightGoldenRodYellow; margin: 4px; border: 1px solid khaki"> (<a href="https://browser.ihtsdotools.org/">SNOMED CT</a>#91935009)</span></p><p><b>patient</b>: <span>: Paul Peters</span></p><p><b>recordedDate</b>: 2021-07-28</p></div>
  </text>
  <clinicalStatus>
    <coding>
      <system value="http://terminology.hl7.org/CodeSystem/allergyintolerance-clinical"/>
      <code value="active"/>
    </coding>
  </clinicalStatus>
  <verificationStatus>
    <coding>
      <system value="http://terminology.hl7.org/CodeSystem/allergyintolerance-verification"/>
      <code value="unconfirmed"/>
    </coding>
  </verificationStatus>
  <code>
    <coding>
      <system value="http://snomed.info/sct"/>
      <code value="91935009"/>
      <display value="Allergy to peanut"/>
    </coding>
  </code>
  <patient>
    <identifier>
      <value value="8936584955"/>
    </identifier>
    <display value="Paul Peters"/>
  </patient>
  <recordedDate value="2021-07-28"/>
</AllergyIntolerance>