{
  "resourceType": "AllergyIntolerance",
  "id": "MyPeanutAllergy",
  "meta": {
    "profile": [
      "http://example.com/fhir/testable/StructureDefinition/FoodAllergy"
    ]
  },
  "text": {
    "status": "generated",
    "div": "<div xmlns=\"http://www.w3.org/1999/xhtml\"><p><b>Generated Narrative: AllergyIntolerance</b><a name=\"MyPeanutAllergy\"> </a></p><div style=\"display: inline-block; background-color: #d9e0e7; padding: 6px; margin: 4px; border: 1px solid #8da1b4; border-radius: 5px; line-height: 60%\"><p style=\"margin-bottom: 0px\">Resource AllergyIntolerance \"MyPeanutAllergy\" </p><p style=\"margin-bottom: 0px\">Profile: <a href=\"StructureDefinition-FoodAllergy.html\">Food Allergy</a></p></div><p><b>clinicalStatus</b>: Active <span style=\"background: LightGoldenRodYellow; margin: 4px; border: 1px solid khaki\"> (<a href=\"http://terminology.hl7.org/4.0.0/CodeSystem-allergyintolerance-clinical.html\">AllergyIntolerance Clinical Status Codes</a>#active)</span></p><p><b>verificationStatus</b>: Unconfirmed <span style=\"background: LightGoldenRodYellow; margin: 4px; border: 1px solid khaki\"> (<a href=\"http://terminology.hl7.org/4.0.0/CodeSystem-allergyintolerance-verification.html\">AllergyIntolerance Verification Status</a>#unconfirmed)</span></p><p><b>code</b>: Allergy to peanut <span style=\"background: LightGoldenRodYellow; margin: 4px; border: 1px solid khaki\"> (<a href=\"https://browser.ihtsdotools.org/\">SNOMED CT</a>#91935009)</span></p><p><b>patient</b>: <span>: Paul Peters</span></p><p><b>recordedDate</b>: 2021-07-28</p><p><b>recorder</b>: <span>: Daniel Davis</span></p><p><b>asserter</b>: <span>: Paul Peters</span></p></div>"
  },
  "clinicalStatus": {
    "coding": [
      {
        "system": "http://terminology.hl7.org/CodeSystem/allergyintolerance-clinical",
        "code": "active"
      }
    ]
  },
  "verificationStatus": {
    "coding": [
      {
        "system": "http://terminology.hl7.org/CodeSystem/allergyintolerance-verification",
        "code": "unconfirmed"
      }
    ]
  },
  "code": {
    "coding": [
      {
        "system": "http://snomed.info/sct",
        "code": "91935009",
        "display": "Allergy to peanut"
      }
    ]
  },
  "patient": {
    "identifier": {
      "value": "8936584955"
    },
    "display": "Paul Peters"
  },
  "recordedDate": "2021-07-28",
  "recorder": {
    "identifier": {
      "value": "8936584955"
    },
    "display": "Daniel Davis"
  },
  "asserter": {
    "identifier": {
      "value": "8936584955"
    },
    "display": "Paul Peters"
  }
}