[
  {
    "id": "testable",
    "type": "ImplementationGuide",
    "url": "http://example.com/fhir/testable/ImplementationGuide/testable",
    "version": "1.0.0",
    "name": "TestableIG"
  },
  {
    "id": "food-allergy-questionnaire",
    "type": "Questionnaire",
    "url": "http://example.com/fhir/testable/Questionnaire/food-allergy-questionnaire",
    "version": "1.0.0",
    "name": "FoodAllergyQuestionnaire"
  },
  {
    "id": "FoodAllergy",
    "type": "StructureDefinition",
    "url": "http://example.com/fhir/testable/StructureDefinition/FoodAllergy",
    "version": "1.0.0",
    "name": "FoodAllergy"
  },
  {
    "id": "FoodAllergyModel",
    "type": "StructureDefinition",
    "url": "http://example.com/fhir/testable/StructureDefinition/FoodAllergyModel",
    "version": "1.0.0",
    "name": "FoodAllergyModel"
  },
  {
    "id": "TestPlan",
    "type": "StructureDefinition",
    "url": "http://example.com/fhir/testable/StructureDefinition/TestPlan",
    "version": "1.0.0",
    "name": "TestPlan"
  },
  {
    "id": "FoodAllergyVS",
    "type": "ValueSet",
    "url": "http://example.com/fhir/testable/ValueSet/FoodAllergyVS",
    "version": "1.0.0",
    "name": "FoodAllergyVS"
  },
  {
    "id": "read-validate-patient-json",
    "type": "TestScript",
    "url": "http://hl7.org/fhir/us/carin-bb/TestScript/read-validate-patient-json",
    "version": "1.0.0",
    "name": "read-validate-patient-json"
  }
]