<?xml version="1.0" encoding="UTF-8"?><StructureDefinition xmlns="http://hl7.org/fhir"><id value="FoodAllergyModel"/><text><status value="extensions"/><div xmlns="http://www.w3.org/1999/xhtml"><table border="0" cellpadding="0" cellspacing="0" style="border: 0px #F0F0F0 solid; font-size: 11px; font-family: verdana; vertical-align: top;"><tr style="border: 1px #F0F0F0 solid; font-size: 11px; font-family: verdana; vertical-align: top"><th style="vertical-align: top; text-align : left; background-color: white; border: 0px #F0F0F0 solid; padding:0px 4px 0px 4px" class="hierarchy"><a href="http://build.fhir.org/formats.html#table" title="The logical name of the element">Name</a></th><th style="vertical-align: top; text-align : left; background-color: white; border: 0px #F0F0F0 solid; padding:0px 4px 0px 4px" class="hierarchy"><a href="http://build.fhir.org/formats.html#table" title="Information about the use of the element">Flags</a></th><th style="vertical-align: top; text-align : left; background-color: white; border: 0px #F0F0F0 solid; padding:0px 4px 0px 4px" class="hierarchy"><a href="http://build.fhir.org/formats.html#table" title="Minimum and Maximum # of times the the element can appear in the instance">Card.</a></th><th style="width: 100px" class="hierarchy"><a href="http://build.fhir.org/formats.html#table" title="Reference to the type of the element">Type</a></th><th style="vertical-align: top; text-align : left; background-color: white; border: 0px #F0F0F0 solid; padding:0px 4px 0px 4px" class="hierarchy"><a href="http://build.fhir.org/formats.html#table" title="Additional information about the element">Description &amp; Constraints</a><span style="float: right"><a href="http://build.fhir.org/formats.html#table" title="Legend for this format"><img src="http://build.fhir.org/help16.png" alt="doco" style="background-color: inherit"/></a></span></th></tr><tr style="border: 0px #F0F0F0 solid; padding:0px; vertical-align: top; background-color: white"><td style="vertical-align: top; text-align : left; background-color: white; border: 0px #F0F0F0 solid; padding:0px 4px 0px 4px; white-space: nowrap; background-image: url(tbl_bck1.png)" class="hierarchy"><img src="tbl_spacer.png" alt="." style="background-color: inherit" class="hierarchy"/><img src="icon_element.gif" alt="." style="background-color: white; background-color: inherit" title="Element" class="hierarchy"/> <a href="StructureDefinition-FoodAllergyModel-definitions.html#FoodAllergyModel" title="Food Allergy information model">FoodAllergyModel</a><a name="FoodAllergyModel"> </a></td><td style="vertical-align: top; text-align : left; background-color: white; border: 0px #F0F0F0 solid; padding:0px 4px 0px 4px" class="hierarchy"/><td style="vertical-align: top; text-align : left; background-color: white; border: 0px #F0F0F0 solid; padding:0px 4px 0px 4px" class="hierarchy"><span style="opacity: 0.5">0</span><span style="opacity: 0.5">..</span><span style="opacity: 0.5">*</span></td><td style="vertical-align: top; text-align : left; background-color: white; border: 0px #F0F0F0 solid; padding:0px 4px 0px 4px" class="hierarchy"><a href="http://build.fhir.org/types.html#Base">Base</a></td><td style="vertical-align: top; text-align : left; background-color: white; border: 0px #F0F0F0 solid; padding:0px 4px 0px 4px" class="hierarchy">Food Allergy Logical Model</td></tr>
<tr style="border: 0px #F0F0F0 solid; padding:0px; vertical-align: top; background-color: #F7F7F7"><td style="vertical-align: top; text-align : left; background-color: #F7F7F7; border: 0px #F0F0F0 solid; padding:0px 4px 0px 4px; white-space: nowrap; background-image: url(tbl_bck10.png)" class="hierarchy"><img src="tbl_spacer.png" alt="." style="background-color: inherit" class="hierarchy"/><img src="tbl_vjoin.png" alt="." style="background-color: inherit" class="hierarchy"/><img src="icon_reference.png" alt="." style="background-color: #F7F7F7; background-color: inherit" title="Reference to another Resource" class="hierarchy"/> <a href="StructureDefinition-FoodAllergyModel-definitions.html#FoodAllergyModel.patient" title="The person that has the allergy">patient</a><a name="FoodAllergyModel.patient"> </a></td><td style="vertical-align: top; text-align : left; background-color: #F7F7F7; border: 0px #F0F0F0 solid; padding:0px 4px 0px 4px" class="hierarchy"/><td style="vertical-align: top; text-align : left; background-color: #F7F7F7; border: 0px #F0F0F0 solid; padding:0px 4px 0px 4px" class="hierarchy">1..1</td><td style="vertical-align: top; text-align : left; background-color: #F7F7F7; border: 0px #F0F0F0 solid; padding:0px 4px 0px 4px" class="hierarchy"><a href="http://build.fhir.org/references.html">Reference</a>()</td><td style="vertical-align: top; text-align : left; background-color: #F7F7F7; border: 0px #F0F0F0 solid; padding:0px 4px 0px 4px" class="hierarchy">The person that has the allergy</td></tr>
<tr style="border: 0px #F0F0F0 solid; padding:0px; vertical-align: top; background-color: white"><td style="vertical-align: top; text-align : left; background-color: white; border: 0px #F0F0F0 solid; padding:0px 4px 0px 4px; white-space: nowrap; background-image: url(tbl_bck10.png)" class="hierarchy"><img src="tbl_spacer.png" alt="." style="background-color: inherit" class="hierarchy"/><img src="tbl_vjoin.png" alt="." style="background-color: inherit" class="hierarchy"/><img src="icon_datatype.gif" alt="." style="background-color: white; background-color: inherit" title="Data Type" class="hierarchy"/> <a href="StructureDefinition-FoodAllergyModel-definitions.html#FoodAllergyModel.allergen" title="The substance - from a list of substances - that the person is allergic to. It is possible to use free text but for the products indicated, a code must be used">allergen</a><a name="FoodAllergyModel.allergen"> </a></td><td style="vertical-align: top; text-align : left; background-color: white; border: 0px #F0F0F0 solid; padding:0px 4px 0px 4px" class="hierarchy"/><td style="vertical-align: top; text-align : left; background-color: white; border: 0px #F0F0F0 solid; padding:0px 4px 0px 4px" class="hierarchy">1..1</td><td style="vertical-align: top; text-align : left; background-color: white; border: 0px #F0F0F0 solid; padding:0px 4px 0px 4px" class="hierarchy"><a href="http://build.fhir.org/datatypes.html#CodeableConcept">CodeableConcept</a></td><td style="vertical-align: top; text-align : left; background-color: white; border: 0px #F0F0F0 solid; padding:0px 4px 0px 4px" class="hierarchy">The substance that the person is allergic to</td></tr>
<tr style="border: 0px #F0F0F0 solid; padding:0px; vertical-align: top; background-color: #F7F7F7"><td style="vertical-align: top; text-align : left; background-color: #F7F7F7; border: 0px #F0F0F0 solid; padding:0px 4px 0px 4px; white-space: nowrap; background-image: url(tbl_bck10.png)" class="hierarchy"><img src="tbl_spacer.png" alt="." style="background-color: inherit" class="hierarchy"/><img src="tbl_vjoin.png" alt="." style="background-color: inherit" class="hierarchy"/><img src="icon_datatype.gif" alt="." style="background-color: #F7F7F7; background-color: inherit" title="Data Type" class="hierarchy"/> <a href="StructureDefinition-FoodAllergyModel-definitions.html#FoodAllergyModel.clinicalStatus" title="The status of the allergy - if it is active or resolved">clinicalStatus</a><a name="FoodAllergyModel.clinicalStatus"> </a></td><td style="vertical-align: top; text-align : left; background-color: #F7F7F7; border: 0px #F0F0F0 solid; padding:0px 4px 0px 4px" class="hierarchy"/><td style="vertical-align: top; text-align : left; background-color: #F7F7F7; border: 0px #F0F0F0 solid; padding:0px 4px 0px 4px" class="hierarchy">1..1</td><td style="vertical-align: top; text-align : left; background-color: #F7F7F7; border: 0px #F0F0F0 solid; padding:0px 4px 0px 4px" class="hierarchy"><a href="http://build.fhir.org/datatypes.html#CodeableConcept">CodeableConcept</a></td><td style="vertical-align: top; text-align : left; background-color: #F7F7F7; border: 0px #F0F0F0 solid; padding:0px 4px 0px 4px" class="hierarchy">The status of the allergy - if it is active or resolved</td></tr>
<tr style="border: 0px #F0F0F0 solid; padding:0px; vertical-align: top; background-color: white"><td style="vertical-align: top; text-align : left; background-color: white; border: 0px #F0F0F0 solid; padding:0px 4px 0px 4px; white-space: nowrap; background-image: url(tbl_bck10.png)" class="hierarchy"><img src="tbl_spacer.png" alt="." style="background-color: inherit" class="hierarchy"/><img src="tbl_vjoin.png" alt="." style="background-color: inherit" class="hierarchy"/><img src="icon_datatype.gif" alt="." style="background-color: white; background-color: inherit" title="Data Type" class="hierarchy"/> <a href="StructureDefinition-FoodAllergyModel-definitions.html#FoodAllergyModel.verificationStatus" title="The verification status of the allergy - if it is confirmed or suspected or refuted">verificationStatus</a><a name="FoodAllergyModel.verificationStatus"> </a></td><td style="vertical-align: top; text-align : left; background-color: white; border: 0px #F0F0F0 solid; padding:0px 4px 0px 4px" class="hierarchy"/><td style="vertical-align: top; text-align : left; background-color: white; border: 0px #F0F0F0 solid; padding:0px 4px 0px 4px" class="hierarchy">1..1</td><td style="vertical-align: top; text-align : left; background-color: white; border: 0px #F0F0F0 solid; padding:0px 4px 0px 4px" class="hierarchy"><a href="http://build.fhir.org/datatypes.html#CodeableConcept">CodeableConcept</a></td><td style="vertical-align: top; text-align : left; background-color: white; border: 0px #F0F0F0 solid; padding:0px 4px 0px 4px" class="hierarchy">The verification status of the allergy - if it is confirmed or suspected or refuted</td></tr>
<tr style="border: 0px #F0F0F0 solid; padding:0px; vertical-align: top; background-color: #F7F7F7"><td style="vertical-align: top; text-align : left; background-color: #F7F7F7; border: 0px #F0F0F0 solid; padding:0px 4px 0px 4px; white-space: nowrap; background-image: url(tbl_bck10.png)" class="hierarchy"><img src="tbl_spacer.png" alt="." style="background-color: inherit" class="hierarchy"/><img src="tbl_vjoin.png" alt="." style="background-color: inherit" class="hierarchy"/><img src="icon_primitive.png" alt="." style="background-color: #F7F7F7; background-color: inherit" title="Primitive Data Type" class="hierarchy"/> <a href="StructureDefinition-FoodAllergyModel-definitions.html#FoodAllergyModel.recordedDate" title="When the allergy was reported">recordedDate</a><a name="FoodAllergyModel.recordedDate"> </a></td><td style="vertical-align: top; text-align : left; background-color: #F7F7F7; border: 0px #F0F0F0 solid; padding:0px 4px 0px 4px" class="hierarchy"/><td style="vertical-align: top; text-align : left; background-color: #F7F7F7; border: 0px #F0F0F0 solid; padding:0px 4px 0px 4px" class="hierarchy">0..1</td><td style="vertical-align: top; text-align : left; background-color: #F7F7F7; border: 0px #F0F0F0 solid; padding:0px 4px 0px 4px" class="hierarchy"><a href="http://build.fhir.org/datatypes.html#dateTime">dateTime</a></td><td style="vertical-align: top; text-align : left; background-color: #F7F7F7; border: 0px #F0F0F0 solid; padding:0px 4px 0px 4px" class="hierarchy">When the allergy was reported</td></tr>
<tr style="border: 0px #F0F0F0 solid; padding:0px; vertical-align: top; background-color: white"><td style="vertical-align: top; text-align : left; background-color: white; border: 0px #F0F0F0 solid; padding:0px 4px 0px 4px; white-space: nowrap; background-image: url(tbl_bck10.png)" class="hierarchy"><img src="tbl_spacer.png" alt="." style="background-color: inherit" class="hierarchy"/><img src="tbl_vjoin.png" alt="." style="background-color: inherit" class="hierarchy"/><img src="icon_reference.png" alt="." style="background-color: white; background-color: inherit" title="Reference to another Resource" class="hierarchy"/> <a href="StructureDefinition-FoodAllergyModel-definitions.html#FoodAllergyModel.recorder" title="Who recorded the allergy">recorder</a><a name="FoodAllergyModel.recorder"> </a></td><td style="vertical-align: top; text-align : left; background-color: white; border: 0px #F0F0F0 solid; padding:0px 4px 0px 4px" class="hierarchy"/><td style="vertical-align: top; text-align : left; background-color: white; border: 0px #F0F0F0 solid; padding:0px 4px 0px 4px" class="hierarchy">0..1</td><td style="vertical-align: top; text-align : left; background-color: white; border: 0px #F0F0F0 solid; padding:0px 4px 0px 4px" class="hierarchy"><a href="http://build.fhir.org/references.html">Reference</a>()</td><td style="vertical-align: top; text-align : left; background-color: white; border: 0px #F0F0F0 solid; padding:0px 4px 0px 4px" class="hierarchy">Who recorded the allergy</td></tr>
<tr style="border: 0px #F0F0F0 solid; padding:0px; vertical-align: top; background-color: #F7F7F7"><td style="vertical-align: top; text-align : left; background-color: #F7F7F7; border: 0px #F0F0F0 solid; padding:0px 4px 0px 4px; white-space: nowrap; background-image: url(tbl_bck10.png)" class="hierarchy"><img src="tbl_spacer.png" alt="." style="background-color: inherit" class="hierarchy"/><img src="tbl_vjoin.png" alt="." style="background-color: inherit" class="hierarchy"/><img src="icon_reference.png" alt="." style="background-color: #F7F7F7; background-color: inherit" title="Reference to another Resource" class="hierarchy"/> <a href="StructureDefinition-FoodAllergyModel-definitions.html#FoodAllergyModel.asserter" title=" who asserted or provided the allergy information e.g. the patient, a relative, a care giver...">asserter</a><a name="FoodAllergyModel.asserter"> </a></td><td style="vertical-align: top; text-align : left; background-color: #F7F7F7; border: 0px #F0F0F0 solid; padding:0px 4px 0px 4px" class="hierarchy"/><td style="vertical-align: top; text-align : left; background-color: #F7F7F7; border: 0px #F0F0F0 solid; padding:0px 4px 0px 4px" class="hierarchy">0..1</td><td style="vertical-align: top; text-align : left; background-color: #F7F7F7; border: 0px #F0F0F0 solid; padding:0px 4px 0px 4px" class="hierarchy"><a href="http://build.fhir.org/references.html">Reference</a>()</td><td style="vertical-align: top; text-align : left; background-color: #F7F7F7; border: 0px #F0F0F0 solid; padding:0px 4px 0px 4px" class="hierarchy">Who asserted the allergy</td></tr>
<tr style="border: 0px #F0F0F0 solid; padding:0px; vertical-align: top; background-color: white"><td style="vertical-align: top; text-align : left; background-color: white; border: 0px #F0F0F0 solid; padding:0px 4px 0px 4px; white-space: nowrap; background-image: url(tbl_bck01.png)" class="hierarchy"><img src="tbl_spacer.png" alt="." style="background-color: inherit" class="hierarchy"/><img src="tbl_vjoin_end.png" alt="." style="background-color: inherit" class="hierarchy"/><img src="icon_datatype.gif" alt="." style="background-color: white; background-color: inherit" title="Data Type" class="hierarchy"/> <a href="StructureDefinition-FoodAllergyModel-definitions.html#FoodAllergyModel.reactions" title="known past reactions to the allergen">reactions</a><a name="FoodAllergyModel.reactions"> </a></td><td style="vertical-align: top; text-align : left; background-color: white; border: 0px #F0F0F0 solid; padding:0px 4px 0px 4px" class="hierarchy"/><td style="vertical-align: top; text-align : left; background-color: white; border: 0px #F0F0F0 solid; padding:0px 4px 0px 4px" class="hierarchy">0..1</td><td style="vertical-align: top; text-align : left; background-color: white; border: 0px #F0F0F0 solid; padding:0px 4px 0px 4px" class="hierarchy"><a href="http://build.fhir.org/types.html#BackboneElement">BackboneElement</a></td><td style="vertical-align: top; text-align : left; background-color: white; border: 0px #F0F0F0 solid; padding:0px 4px 0px 4px" class="hierarchy">known past reactions to the allergen</td></tr>
<tr style="border: 0px #F0F0F0 solid; padding:0px; vertical-align: top; background-color: #F7F7F7"><td style="vertical-align: top; text-align : left; background-color: #F7F7F7; border: 0px #F0F0F0 solid; padding:0px 4px 0px 4px; white-space: nowrap; background-image: url(tbl_bck010.png)" class="hierarchy"><img src="tbl_spacer.png" alt="." style="background-color: inherit" class="hierarchy"/><img src="tbl_blank.png" alt="." style="background-color: inherit" class="hierarchy"/><img src="tbl_vjoin.png" alt="." style="background-color: inherit" class="hierarchy"/><img src="icon_datatype.gif" alt="." style="background-color: #F7F7F7; background-color: inherit" title="Data Type" class="hierarchy"/> <a href="StructureDefinition-FoodAllergyModel-definitions.html#FoodAllergyModel.reactions.manifestation" title="How the reaction manifested itself, e.g. rash, breathing difficulty...">manifestation</a><a name="FoodAllergyModel.reactions.manifestation"> </a></td><td style="vertical-align: top; text-align : left; background-color: #F7F7F7; border: 0px #F0F0F0 solid; padding:0px 4px 0px 4px" class="hierarchy"/><td style="vertical-align: top; text-align : left; background-color: #F7F7F7; border: 0px #F0F0F0 solid; padding:0px 4px 0px 4px" class="hierarchy">0..1</td><td style="vertical-align: top; text-align : left; background-color: #F7F7F7; border: 0px #F0F0F0 solid; padding:0px 4px 0px 4px" class="hierarchy"><a href="http://build.fhir.org/datatypes.html#CodeableConcept">CodeableConcept</a></td><td style="vertical-align: top; text-align : left; background-color: #F7F7F7; border: 0px #F0F0F0 solid; padding:0px 4px 0px 4px" class="hierarchy">How the reaction manifested itself</td></tr>
<tr style="border: 0px #F0F0F0 solid; padding:0px; vertical-align: top; background-color: white"><td style="vertical-align: top; text-align : left; background-color: white; border: 0px #F0F0F0 solid; padding:0px 4px 0px 4px; white-space: nowrap; background-image: url(tbl_bck010.png)" class="hierarchy"><img src="tbl_spacer.png" alt="." style="background-color: inherit" class="hierarchy"/><img src="tbl_blank.png" alt="." style="background-color: inherit" class="hierarchy"/><img src="tbl_vjoin.png" alt="." style="background-color: inherit" class="hierarchy"/><img src="icon_datatype.gif" alt="." style="background-color: white; background-color: inherit" title="Data Type" class="hierarchy"/> <a href="StructureDefinition-FoodAllergyModel-definitions.html#FoodAllergyModel.reactions.certitude" title="How certain we are that the cause of the reaction was the allergen indicated">certitude</a><a name="FoodAllergyModel.reactions.certitude"> </a></td><td style="vertical-align: top; text-align : left; background-color: white; border: 0px #F0F0F0 solid; padding:0px 4px 0px 4px" class="hierarchy"/><td style="vertical-align: top; text-align : left; background-color: white; border: 0px #F0F0F0 solid; padding:0px 4px 0px 4px" class="hierarchy">0..1</td><td style="vertical-align: top; text-align : left; background-color: white; border: 0px #F0F0F0 solid; padding:0px 4px 0px 4px" class="hierarchy"><a href="http://build.fhir.org/datatypes.html#CodeableConcept">CodeableConcept</a></td><td style="vertical-align: top; text-align : left; background-color: white; border: 0px #F0F0F0 solid; padding:0px 4px 0px 4px" class="hierarchy">How certain we are that the cause of the reaction was the allergen indicated</td></tr>
<tr style="border: 0px #F0F0F0 solid; padding:0px; vertical-align: top; background-color: #F7F7F7"><td style="vertical-align: top; text-align : left; background-color: #F7F7F7; border: 0px #F0F0F0 solid; padding:0px 4px 0px 4px; white-space: nowrap; background-image: url(tbl_bck010.png)" class="hierarchy"><img src="tbl_spacer.png" alt="." style="background-color: inherit" class="hierarchy"/><img src="tbl_blank.png" alt="." style="background-color: inherit" class="hierarchy"/><img src="tbl_vjoin.png" alt="." style="background-color: inherit" class="hierarchy"/><img src="icon_datatype.gif" alt="." style="background-color: #F7F7F7; background-color: inherit" title="Data Type" class="hierarchy"/> <a href="StructureDefinition-FoodAllergyModel-definitions.html#FoodAllergyModel.reactions.exposure" title="The exposure route to the substance">exposure</a><a name="FoodAllergyModel.reactions.exposure"> </a></td><td style="vertical-align: top; text-align : left; background-color: #F7F7F7; border: 0px #F0F0F0 solid; padding:0px 4px 0px 4px" class="hierarchy"/><td style="vertical-align: top; text-align : left; background-color: #F7F7F7; border: 0px #F0F0F0 solid; padding:0px 4px 0px 4px" class="hierarchy">0..1</td><td style="vertical-align: top; text-align : left; background-color: #F7F7F7; border: 0px #F0F0F0 solid; padding:0px 4px 0px 4px" class="hierarchy"><a href="http://build.fhir.org/datatypes.html#CodeableConcept">CodeableConcept</a></td><td style="vertical-align: top; text-align : left; background-color: #F7F7F7; border: 0px #F0F0F0 solid; padding:0px 4px 0px 4px" class="hierarchy">The exposure route to the substance</td></tr>
<tr style="border: 0px #F0F0F0 solid; padding:0px; vertical-align: top; background-color: white"><td style="vertical-align: top; text-align : left; background-color: white; border: 0px #F0F0F0 solid; padding:0px 4px 0px 4px; white-space: nowrap; background-image: url(tbl_bck000.png)" class="hierarchy"><img src="tbl_spacer.png" alt="." style="background-color: inherit" class="hierarchy"/><img src="tbl_blank.png" alt="." style="background-color: inherit" class="hierarchy"/><img src="tbl_vjoin_end.png" alt="." style="background-color: inherit" class="hierarchy"/><img src="icon_primitive.png" alt="." style="background-color: white; background-color: inherit" title="Primitive Data Type" class="hierarchy"/> <a href="StructureDefinition-FoodAllergyModel-definitions.html#FoodAllergyModel.reactions.note" title="Additional text note about the allergic reaction">note</a><a name="FoodAllergyModel.reactions.note"> </a></td><td style="vertical-align: top; text-align : left; background-color: white; border: 0px #F0F0F0 solid; padding:0px 4px 0px 4px" class="hierarchy"/><td style="vertical-align: top; text-align : left; background-color: white; border: 0px #F0F0F0 solid; padding:0px 4px 0px 4px" class="hierarchy">0..1</td><td style="vertical-align: top; text-align : left; background-color: white; border: 0px #F0F0F0 solid; padding:0px 4px 0px 4px" class="hierarchy"><a href="http://build.fhir.org/datatypes.html#string">string</a></td><td style="vertical-align: top; text-align : left; background-color: white; border: 0px #F0F0F0 solid; padding:0px 4px 0px 4px" class="hierarchy">Additional text note about the allergic reaction</td></tr>
<tr><td colspan="5" class="hierarchy"><br/><a href="http://build.fhir.org/formats.html#table" title="Legend for this format"><img src="http://build.fhir.org/help16.png" alt="doco" style="background-color: inherit"/> Documentation for this format</a></td></tr></table></div></text><url value="http://example.com/fhir/testable/StructureDefinition/FoodAllergyModel"/><version value="1.0.0"/><name value="FoodAllergyModel"/><title value="Food Allergy Logical Model"/><status value="active"/><date value="2022-10-26T19:15:41+00:00"/><publisher value="My Organization"/><contact><name value="My Organization"/><telecom><system value="url"/><value value="http://example.com/committees"/></telecom><telecom><system value="email"/><value value="my-group@example.com"/></telecom></contact><contact><name value="Bob Smith"/><telecom><system value="email"/><value value="bobsmith@example.com"/><use value="work"/></telecom></contact><description value="Food Allergy information model"/><jurisdiction><coding><system value="http://unstats.un.org/unsd/methods/m49/m49.htm"/><code value="001"/><display value="World"/></coding></jurisdiction><fhirVersion value="5.0.0-ballot"/><mapping><identity value="rim"/><uri value="http://hl7.org/v3"/><name value="RIM Mapping"/></mapping><kind value="logical"/><abstract value="false"/><type value="http://example.com/fhir/testable/StructureDefinition/FoodAllergyModel"/><baseDefinition value="http://hl7.org/fhir/StructureDefinition/Base"/><derivation value="specialization"/><snapshot><element id="FoodAllergyModel"><path value="FoodAllergyModel"/><short value="Food Allergy Logical Model"/><definition value="Food Allergy information model"/><min value="0"/><max value="*"/><base><path value="Base"/><min value="0"/><max value="*"/></base><isModifier value="false"/><mapping><identity value="rim"/><map value="n/a"/></mapping></element><element id="FoodAllergyModel.patient"><path value="FoodAllergyModel.patient"/><short value="The person that has the allergy"/><definition value="The person that has the allergy"/><min value="1"/><max value="1"/><base><path value="FoodAllergyModel.patient"/><min value="1"/><max value="1"/></base><type><code value="Reference"/></type></element><element id="FoodAllergyModel.allergen"><path value="FoodAllergyModel.allergen"/><short value="The substance that the person is allergic to"/><definition value="The substance - from a list of substances - that the person is allergic to. It is possible to use free text but for the products indicated, a code must be used"/><min value="1"/><max value="1"/><base><path value="FoodAllergyModel.allergen"/><min value="1"/><max value="1"/></base><type><code value="CodeableConcept"/></type></element><element id="FoodAllergyModel.clinicalStatus"><path value="FoodAllergyModel.clinicalStatus"/><short value="The status of the allergy - if it is active or resolved"/><definition value="The status of the allergy - if it is active or resolved"/><min value="1"/><max value="1"/><base><path value="FoodAllergyModel.clinicalStatus"/><min value="1"/><max value="1"/></base><type><code value="CodeableConcept"/></type></element><element id="FoodAllergyModel.verificationStatus"><path value="FoodAllergyModel.verificationStatus"/><short value="The verification status of the allergy - if it is confirmed or suspected or refuted"/><definition value="The verification status of the allergy - if it is confirmed or suspected or refuted"/><min value="1"/><max value="1"/><base><path value="FoodAllergyModel.verificationStatus"/><min value="1"/><max value="1"/></base><type><code value="CodeableConcept"/></type></element><element id="FoodAllergyModel.recordedDate"><path value="FoodAllergyModel.recordedDate"/><short value="When the allergy was reported"/><definition value="When the allergy was reported"/><min value="0"/><max value="1"/><base><path value="FoodAllergyModel.recordedDate"/><min value="0"/><max value="1"/></base><type><code value="dateTime"/></type></element><element id="FoodAllergyModel.recorder"><path value="FoodAllergyModel.recorder"/><short value="Who recorded the allergy"/><definition value="Who recorded the allergy"/><min value="0"/><max value="1"/><base><path value="FoodAllergyModel.recorder"/><min value="0"/><max value="1"/></base><type><code value="Reference"/></type></element><element id="FoodAllergyModel.asserter"><path value="FoodAllergyModel.asserter"/><short value="Who asserted the allergy"/><definition value=" who asserted or provided the allergy information e.g. the patient, a relative, a care giver..."/><min value="0"/><max value="1"/><base><path value="FoodAllergyModel.asserter"/><min value="0"/><max value="1"/></base><type><code value="Reference"/></type></element><element id="FoodAllergyModel.reactions"><path value="FoodAllergyModel.reactions"/><short value="known past reactions to the allergen"/><definition value="known past reactions to the allergen"/><min value="0"/><max value="1"/><base><path value="FoodAllergyModel.reactions"/><min value="0"/><max value="1"/></base><type><code value="BackboneElement"/></type></element><element id="FoodAllergyModel.reactions.manifestation"><path value="FoodAllergyModel.reactions.manifestation"/><short value="How the reaction manifested itself"/><definition value="How the reaction manifested itself, e.g. rash, breathing difficulty..."/><min value="0"/><max value="1"/><base><path value="FoodAllergyModel.reactions.manifestation"/><min value="0"/><max value="1"/></base><type><code value="CodeableConcept"/></type></element><element id="FoodAllergyModel.reactions.certitude"><path value="FoodAllergyModel.reactions.certitude"/><short value="How certain we are that the cause of the reaction was the allergen indicated"/><definition value="How certain we are that the cause of the reaction was the allergen indicated"/><min value="0"/><max value="1"/><base><path value="FoodAllergyModel.reactions.certitude"/><min value="0"/><max value="1"/></base><type><code value="CodeableConcept"/></type></element><element id="FoodAllergyModel.reactions.exposure"><path value="FoodAllergyModel.reactions.exposure"/><short value="The exposure route to the substance"/><definition value="The exposure route to the substance"/><min value="0"/><max value="1"/><base><path value="FoodAllergyModel.reactions.exposure"/><min value="0"/><max value="1"/></base><type><code value="CodeableConcept"/></type></element><element id="FoodAllergyModel.reactions.note"><path value="FoodAllergyModel.reactions.note"/><short value="Additional text note about the allergic reaction"/><definition value="Additional text note about the allergic reaction"/><min value="0"/><max value="1"/><base><path value="FoodAllergyModel.reactions.note"/><min value="0"/><max value="1"/></base><type><code value="string"/></type></element></snapshot><differential><element id="FoodAllergyModel"><path value="FoodAllergyModel"/><short value="Food Allergy Logical Model"/><definition value="Food Allergy information model"/></element><element id="FoodAllergyModel.patient"><path value="FoodAllergyModel.patient"/><short value="The person that has the allergy"/><definition value="The person that has the allergy"/><min value="1"/><max value="1"/><type><code value="Reference"/></type></element><element id="FoodAllergyModel.allergen"><path value="FoodAllergyModel.allergen"/><short value="The substance that the person is allergic to"/><definition value="The substance - from a list of substances - that the person is allergic to. It is possible to use free text but for the products indicated, a code must be used"/><min value="1"/><max value="1"/><type><code value="CodeableConcept"/></type></element><element id="FoodAllergyModel.clinicalStatus"><path value="FoodAllergyModel.clinicalStatus"/><short value="The status of the allergy - if it is active or resolved"/><definition value="The status of the allergy - if it is active or resolved"/><min value="1"/><max value="1"/><type><code value="CodeableConcept"/></type></element><element id="FoodAllergyModel.verificationStatus"><path value="FoodAllergyModel.verificationStatus"/><short value="The verification status of the allergy - if it is confirmed or suspected or refuted"/><definition value="The verification status of the allergy - if it is confirmed or suspected or refuted"/><min value="1"/><max value="1"/><type><code value="CodeableConcept"/></type></element><element id="FoodAllergyModel.recordedDate"><path value="FoodAllergyModel.recordedDate"/><short value="When the allergy was reported"/><definition value="When the allergy was reported"/><min value="0"/><max value="1"/><type><code value="dateTime"/></type></element><element id="FoodAllergyModel.recorder"><path value="FoodAllergyModel.recorder"/><short value="Who recorded the allergy"/><definition value="Who recorded the allergy"/><min value="0"/><max value="1"/><type><code value="Reference"/></type></element><element id="FoodAllergyModel.asserter"><path value="FoodAllergyModel.asserter"/><short value="Who asserted the allergy"/><definition value=" who asserted or provided the allergy information e.g. the patient, a relative, a care giver..."/><min value="0"/><max value="1"/><type><code value="Reference"/></type></element><element id="FoodAllergyModel.reactions"><path value="FoodAllergyModel.reactions"/><short value="known past reactions to the allergen"/><definition value="known past reactions to the allergen"/><min value="0"/><max value="1"/><type><code value="BackboneElement"/></type></element><element id="FoodAllergyModel.reactions.manifestation"><path value="FoodAllergyModel.reactions.manifestation"/><short value="How the reaction manifested itself"/><definition value="How the reaction manifested itself, e.g. rash, breathing difficulty..."/><min value="0"/><max value="1"/><type><code value="CodeableConcept"/></type></element><element id="FoodAllergyModel.reactions.certitude"><path value="FoodAllergyModel.reactions.certitude"/><short value="How certain we are that the cause of the reaction was the allergen indicated"/><definition value="How certain we are that the cause of the reaction was the allergen indicated"/><min value="0"/><max value="1"/><type><code value="CodeableConcept"/></type></element><element id="FoodAllergyModel.reactions.exposure"><path value="FoodAllergyModel.reactions.exposure"/><short value="The exposure route to the substance"/><definition value="The exposure route to the substance"/><min value="0"/><max value="1"/><type><code value="CodeableConcept"/></type></element><element id="FoodAllergyModel.reactions.note"><path value="FoodAllergyModel.reactions.note"/><short value="Additional text note about the allergic reaction"/><definition value="Additional text note about the allergic reaction"/><min value="0"/><max value="1"/><type><code value="string"/></type></element></differential></StructureDefinition>