{
  "resourceType": "StructureDefinition",
  "id": "FoodAllergyModel",
  "text": {
    "status": "extensions",
    "div": "<div xmlns=\"http://www.w3.org/1999/xhtml\"><table border=\"0\" cellpadding=\"0\" cellspacing=\"0\" style=\"border: 0px #F0F0F0 solid; font-size: 11px; font-family: verdana; vertical-align: top;\"><tr style=\"border: 1px #F0F0F0 solid; font-size: 11px; font-family: verdana; vertical-align: top\"><th style=\"vertical-align: top; text-align : left; background-color: white; border: 0px #F0F0F0 solid; padding:0px 4px 0px 4px\" class=\"hierarchy\"><a href=\"http://build.fhir.org/formats.html#table\" title=\"The logical name of the element\">Name</a></th><th style=\"vertical-align: top; text-align : left; background-color: white; border: 0px #F0F0F0 solid; padding:0px 4px 0px 4px\" class=\"hierarchy\"><a href=\"http://build.fhir.org/formats.html#table\" title=\"Information about the use of the element\">Flags</a></th><th style=\"vertical-align: top; text-align : left; background-color: white; border: 0px #F0F0F0 solid; padding:0px 4px 0px 4px\" class=\"hierarchy\"><a href=\"http://build.fhir.org/formats.html#table\" title=\"Minimum and Maximum # of times the the element can appear in the instance\">Card.</a></th><th style=\"width: 100px\" class=\"hierarchy\"><a href=\"http://build.fhir.org/formats.html#table\" title=\"Reference to the type of the element\">Type</a></th><th style=\"vertical-align: top; text-align : left; background-color: white; border: 0px #F0F0F0 solid; padding:0px 4px 0px 4px\" class=\"hierarchy\"><a href=\"http://build.fhir.org/formats.html#table\" title=\"Additional information about the element\">Description &amp; Constraints</a><span style=\"float: right\"><a href=\"http://build.fhir.org/formats.html#table\" title=\"Legend for this format\"><img src=\"http://build.fhir.org/help16.png\" alt=\"doco\" style=\"background-color: inherit\"/></a></span></th></tr><tr style=\"border: 0px #F0F0F0 solid; padding:0px; vertical-align: top; background-color: white\"><td style=\"vertical-align: top; text-align : left; background-color: white; border: 0px #F0F0F0 solid; padding:0px 4px 0px 4px; white-space: nowrap; background-image: url(tbl_bck1.png)\" class=\"hierarchy\"><img src=\"tbl_spacer.png\" alt=\".\" style=\"background-color: inherit\" class=\"hierarchy\"/><img src=\"icon_element.gif\" alt=\".\" style=\"background-color: white; background-color: inherit\" title=\"Element\" class=\"hierarchy\"/> <a href=\"StructureDefinition-FoodAllergyModel-definitions.html#FoodAllergyModel\" title=\"Food Allergy information model\">FoodAllergyModel</a><a name=\"FoodAllergyModel\"> </a></td><td style=\"vertical-align: top; text-align : left; background-color: white; border: 0px #F0F0F0 solid; padding:0px 4px 0px 4px\" class=\"hierarchy\"/><td style=\"vertical-align: top; text-align : left; background-color: white; border: 0px #F0F0F0 solid; padding:0px 4px 0px 4px\" class=\"hierarchy\"><span style=\"opacity: 0.5\">0</span><span style=\"opacity: 0.5\">..</span><span style=\"opacity: 0.5\">*</span></td><td style=\"vertical-align: top; text-align : left; background-color: white; border: 0px #F0F0F0 solid; padding:0px 4px 0px 4px\" class=\"hierarchy\"><a href=\"http://build.fhir.org/types.html#Base\">Base</a></td><td style=\"vertical-align: top; text-align : left; background-color: white; border: 0px #F0F0F0 solid; padding:0px 4px 0px 4px\" class=\"hierarchy\">Food Allergy Logical Model</td></tr>\r\n<tr style=\"border: 0px #F0F0F0 solid; padding:0px; vertical-align: top; background-color: #F7F7F7\"><td style=\"vertical-align: top; text-align : left; background-color: #F7F7F7; border: 0px #F0F0F0 solid; padding:0px 4px 0px 4px; white-space: nowrap; background-image: url(tbl_bck10.png)\" class=\"hierarchy\"><img src=\"tbl_spacer.png\" alt=\".\" style=\"background-color: inherit\" class=\"hierarchy\"/><img src=\"tbl_vjoin.png\" alt=\".\" style=\"background-color: inherit\" class=\"hierarchy\"/><img src=\"icon_reference.png\" alt=\".\" style=\"background-color: #F7F7F7; background-color: inherit\" title=\"Reference to another Resource\" class=\"hierarchy\"/> <a href=\"StructureDefinition-FoodAllergyModel-definitions.html#FoodAllergyModel.patient\" title=\"The person that has the allergy\">patient</a><a name=\"FoodAllergyModel.patient\"> </a></td><td style=\"vertical-align: top; text-align : left; background-color: #F7F7F7; border: 0px #F0F0F0 solid; padding:0px 4px 0px 4px\" class=\"hierarchy\"/><td style=\"vertical-align: top; text-align : left; background-color: #F7F7F7; border: 0px #F0F0F0 solid; padding:0px 4px 0px 4px\" class=\"hierarchy\">1..1</td><td style=\"vertical-align: top; text-align : left; background-color: #F7F7F7; border: 0px #F0F0F0 solid; padding:0px 4px 0px 4px\" class=\"hierarchy\"><a href=\"http://build.fhir.org/references.html\">Reference</a>()</td><td style=\"vertical-align: top; text-align : left; background-color: #F7F7F7; border: 0px #F0F0F0 solid; padding:0px 4px 0px 4px\" class=\"hierarchy\">The person that has the allergy</td></tr>\r\n<tr style=\"border: 0px #F0F0F0 solid; padding:0px; vertical-align: top; background-color: white\"><td style=\"vertical-align: top; text-align : left; background-color: white; border: 0px #F0F0F0 solid; padding:0px 4px 0px 4px; white-space: nowrap; background-image: url(tbl_bck10.png)\" class=\"hierarchy\"><img src=\"tbl_spacer.png\" alt=\".\" style=\"background-color: inherit\" class=\"hierarchy\"/><img src=\"tbl_vjoin.png\" alt=\".\" style=\"background-color: inherit\" class=\"hierarchy\"/><img src=\"icon_datatype.gif\" alt=\".\" style=\"background-color: white; background-color: inherit\" title=\"Data Type\" class=\"hierarchy\"/> <a href=\"StructureDefinition-FoodAllergyModel-definitions.html#FoodAllergyModel.allergen\" title=\"The substance - from a list of substances - that the person is allergic to. It is possible to use free text but for the products indicated, a code must be used\">allergen</a><a name=\"FoodAllergyModel.allergen\"> </a></td><td style=\"vertical-align: top; text-align : left; background-color: white; border: 0px #F0F0F0 solid; padding:0px 4px 0px 4px\" class=\"hierarchy\"/><td style=\"vertical-align: top; text-align : left; background-color: white; border: 0px #F0F0F0 solid; padding:0px 4px 0px 4px\" class=\"hierarchy\">1..1</td><td style=\"vertical-align: top; text-align : left; background-color: white; border: 0px #F0F0F0 solid; padding:0px 4px 0px 4px\" class=\"hierarchy\"><a href=\"http://build.fhir.org/datatypes.html#CodeableConcept\">CodeableConcept</a></td><td style=\"vertical-align: top; text-align : left; background-color: white; border: 0px #F0F0F0 solid; padding:0px 4px 0px 4px\" class=\"hierarchy\">The substance that the person is allergic to</td></tr>\r\n<tr style=\"border: 0px #F0F0F0 solid; padding:0px; vertical-align: top; background-color: #F7F7F7\"><td style=\"vertical-align: top; text-align : left; background-color: #F7F7F7; border: 0px #F0F0F0 solid; padding:0px 4px 0px 4px; white-space: nowrap; background-image: url(tbl_bck10.png)\" class=\"hierarchy\"><img src=\"tbl_spacer.png\" alt=\".\" style=\"background-color: inherit\" class=\"hierarchy\"/><img src=\"tbl_vjoin.png\" alt=\".\" style=\"background-color: inherit\" class=\"hierarchy\"/><img src=\"icon_datatype.gif\" alt=\".\" style=\"background-color: #F7F7F7; background-color: inherit\" title=\"Data Type\" class=\"hierarchy\"/> <a href=\"StructureDefinition-FoodAllergyModel-definitions.html#FoodAllergyModel.clinicalStatus\" title=\"The status of the allergy - if it is active or resolved\">clinicalStatus</a><a name=\"FoodAllergyModel.clinicalStatus\"> </a></td><td style=\"vertical-align: top; text-align : left; background-color: #F7F7F7; border: 0px #F0F0F0 solid; padding:0px 4px 0px 4px\" class=\"hierarchy\"/><td style=\"vertical-align: top; text-align : left; background-color: #F7F7F7; border: 0px #F0F0F0 solid; padding:0px 4px 0px 4px\" class=\"hierarchy\">1..1</td><td style=\"vertical-align: top; text-align : left; background-color: #F7F7F7; border: 0px #F0F0F0 solid; padding:0px 4px 0px 4px\" class=\"hierarchy\"><a href=\"http://build.fhir.org/datatypes.html#CodeableConcept\">CodeableConcept</a></td><td style=\"vertical-align: top; text-align : left; background-color: #F7F7F7; border: 0px #F0F0F0 solid; padding:0px 4px 0px 4px\" class=\"hierarchy\">The status of the allergy - if it is active or resolved</td></tr>\r\n<tr style=\"border: 0px #F0F0F0 solid; padding:0px; vertical-align: top; background-color: white\"><td style=\"vertical-align: top; text-align : left; background-color: white; border: 0px #F0F0F0 solid; padding:0px 4px 0px 4px; white-space: nowrap; background-image: url(tbl_bck10.png)\" class=\"hierarchy\"><img src=\"tbl_spacer.png\" alt=\".\" style=\"background-color: inherit\" class=\"hierarchy\"/><img src=\"tbl_vjoin.png\" alt=\".\" style=\"background-color: inherit\" class=\"hierarchy\"/><img src=\"icon_datatype.gif\" alt=\".\" style=\"background-color: white; background-color: inherit\" title=\"Data Type\" class=\"hierarchy\"/> <a href=\"StructureDefinition-FoodAllergyModel-definitions.html#FoodAllergyModel.verificationStatus\" title=\"The verification status of the allergy - if it is confirmed or suspected or refuted\">verificationStatus</a><a name=\"FoodAllergyModel.verificationStatus\"> </a></td><td style=\"vertical-align: top; text-align : left; background-color: white; border: 0px #F0F0F0 solid; padding:0px 4px 0px 4px\" class=\"hierarchy\"/><td style=\"vertical-align: top; text-align : left; background-color: white; border: 0px #F0F0F0 solid; padding:0px 4px 0px 4px\" class=\"hierarchy\">1..1</td><td style=\"vertical-align: top; text-align : left; background-color: white; border: 0px #F0F0F0 solid; padding:0px 4px 0px 4px\" class=\"hierarchy\"><a href=\"http://build.fhir.org/datatypes.html#CodeableConcept\">CodeableConcept</a></td><td style=\"vertical-align: top; text-align : left; background-color: white; border: 0px #F0F0F0 solid; padding:0px 4px 0px 4px\" class=\"hierarchy\">The verification status of the allergy - if it is confirmed or suspected or refuted</td></tr>\r\n<tr style=\"border: 0px #F0F0F0 solid; padding:0px; vertical-align: top; background-color: #F7F7F7\"><td style=\"vertical-align: top; text-align : left; background-color: #F7F7F7; border: 0px #F0F0F0 solid; padding:0px 4px 0px 4px; white-space: nowrap; background-image: url(tbl_bck10.png)\" class=\"hierarchy\"><img src=\"tbl_spacer.png\" alt=\".\" style=\"background-color: inherit\" class=\"hierarchy\"/><img src=\"tbl_vjoin.png\" alt=\".\" style=\"background-color: inherit\" class=\"hierarchy\"/><img src=\"icon_primitive.png\" alt=\".\" style=\"background-color: #F7F7F7; background-color: inherit\" title=\"Primitive Data Type\" class=\"hierarchy\"/> <a href=\"StructureDefinition-FoodAllergyModel-definitions.html#FoodAllergyModel.recordedDate\" title=\"When the allergy was reported\">recordedDate</a><a name=\"FoodAllergyModel.recordedDate\"> </a></td><td style=\"vertical-align: top; text-align : left; background-color: #F7F7F7; border: 0px #F0F0F0 solid; padding:0px 4px 0px 4px\" class=\"hierarchy\"/><td style=\"vertical-align: top; text-align : left; background-color: #F7F7F7; border: 0px #F0F0F0 solid; padding:0px 4px 0px 4px\" class=\"hierarchy\">0..1</td><td style=\"vertical-align: top; text-align : left; background-color: #F7F7F7; border: 0px #F0F0F0 solid; padding:0px 4px 0px 4px\" class=\"hierarchy\"><a href=\"http://build.fhir.org/datatypes.html#dateTime\">dateTime</a></td><td style=\"vertical-align: top; text-align : left; background-color: #F7F7F7; border: 0px #F0F0F0 solid; padding:0px 4px 0px 4px\" class=\"hierarchy\">When the allergy was reported</td></tr>\r\n<tr style=\"border: 0px #F0F0F0 solid; padding:0px; vertical-align: top; background-color: white\"><td style=\"vertical-align: top; text-align : left; background-color: white; border: 0px #F0F0F0 solid; padding:0px 4px 0px 4px; white-space: nowrap; background-image: url(tbl_bck10.png)\" class=\"hierarchy\"><img src=\"tbl_spacer.png\" alt=\".\" style=\"background-color: inherit\" class=\"hierarchy\"/><img src=\"tbl_vjoin.png\" alt=\".\" style=\"background-color: inherit\" class=\"hierarchy\"/><img src=\"icon_reference.png\" alt=\".\" style=\"background-color: white; background-color: inherit\" title=\"Reference to another Resource\" class=\"hierarchy\"/> <a href=\"StructureDefinition-FoodAllergyModel-definitions.html#FoodAllergyModel.recorder\" title=\"Who recorded the allergy\">recorder</a><a name=\"FoodAllergyModel.recorder\"> </a></td><td style=\"vertical-align: top; text-align : left; background-color: white; border: 0px #F0F0F0 solid; padding:0px 4px 0px 4px\" class=\"hierarchy\"/><td style=\"vertical-align: top; text-align : left; background-color: white; border: 0px #F0F0F0 solid; padding:0px 4px 0px 4px\" class=\"hierarchy\">0..1</td><td style=\"vertical-align: top; text-align : left; background-color: white; border: 0px #F0F0F0 solid; padding:0px 4px 0px 4px\" class=\"hierarchy\"><a href=\"http://build.fhir.org/references.html\">Reference</a>()</td><td style=\"vertical-align: top; text-align : left; background-color: white; border: 0px #F0F0F0 solid; padding:0px 4px 0px 4px\" class=\"hierarchy\">Who recorded the allergy</td></tr>\r\n<tr style=\"border: 0px #F0F0F0 solid; padding:0px; vertical-align: top; background-color: #F7F7F7\"><td style=\"vertical-align: top; text-align : left; background-color: #F7F7F7; border: 0px #F0F0F0 solid; padding:0px 4px 0px 4px; white-space: nowrap; background-image: url(tbl_bck10.png)\" class=\"hierarchy\"><img src=\"tbl_spacer.png\" alt=\".\" style=\"background-color: inherit\" class=\"hierarchy\"/><img src=\"tbl_vjoin.png\" alt=\".\" style=\"background-color: inherit\" class=\"hierarchy\"/><img src=\"icon_reference.png\" alt=\".\" style=\"background-color: #F7F7F7; background-color: inherit\" title=\"Reference to another Resource\" class=\"hierarchy\"/> <a href=\"StructureDefinition-FoodAllergyModel-definitions.html#FoodAllergyModel.asserter\" title=\" who asserted or provided the allergy information e.g. the patient, a relative, a care giver...\">asserter</a><a name=\"FoodAllergyModel.asserter\"> </a></td><td style=\"vertical-align: top; text-align : left; background-color: #F7F7F7; border: 0px #F0F0F0 solid; padding:0px 4px 0px 4px\" class=\"hierarchy\"/><td style=\"vertical-align: top; text-align : left; background-color: #F7F7F7; border: 0px #F0F0F0 solid; padding:0px 4px 0px 4px\" class=\"hierarchy\">0..1</td><td style=\"vertical-align: top; text-align : left; background-color: #F7F7F7; border: 0px #F0F0F0 solid; padding:0px 4px 0px 4px\" class=\"hierarchy\"><a href=\"http://build.fhir.org/references.html\">Reference</a>()</td><td style=\"vertical-align: top; text-align : left; background-color: #F7F7F7; border: 0px #F0F0F0 solid; padding:0px 4px 0px 4px\" class=\"hierarchy\">Who asserted the allergy</td></tr>\r\n<tr style=\"border: 0px #F0F0F0 solid; padding:0px; vertical-align: top; background-color: white\"><td style=\"vertical-align: top; text-align : left; background-color: white; border: 0px #F0F0F0 solid; padding:0px 4px 0px 4px; white-space: nowrap; background-image: url(tbl_bck01.png)\" class=\"hierarchy\"><img src=\"tbl_spacer.png\" alt=\".\" style=\"background-color: inherit\" class=\"hierarchy\"/><img src=\"tbl_vjoin_end.png\" alt=\".\" style=\"background-color: inherit\" class=\"hierarchy\"/><img src=\"icon_datatype.gif\" alt=\".\" style=\"background-color: white; background-color: inherit\" title=\"Data Type\" class=\"hierarchy\"/> <a href=\"StructureDefinition-FoodAllergyModel-definitions.html#FoodAllergyModel.reactions\" title=\"known past reactions to the allergen\">reactions</a><a name=\"FoodAllergyModel.reactions\"> </a></td><td style=\"vertical-align: top; text-align : left; background-color: white; border: 0px #F0F0F0 solid; padding:0px 4px 0px 4px\" class=\"hierarchy\"/><td style=\"vertical-align: top; text-align : left; background-color: white; border: 0px #F0F0F0 solid; padding:0px 4px 0px 4px\" class=\"hierarchy\">0..1</td><td style=\"vertical-align: top; text-align : left; background-color: white; border: 0px #F0F0F0 solid; padding:0px 4px 0px 4px\" class=\"hierarchy\"><a href=\"http://build.fhir.org/types.html#BackboneElement\">BackboneElement</a></td><td style=\"vertical-align: top; text-align : left; background-color: white; border: 0px #F0F0F0 solid; padding:0px 4px 0px 4px\" class=\"hierarchy\">known past reactions to the allergen</td></tr>\r\n<tr style=\"border: 0px #F0F0F0 solid; padding:0px; vertical-align: top; background-color: #F7F7F7\"><td style=\"vertical-align: top; text-align : left; background-color: #F7F7F7; border: 0px #F0F0F0 solid; padding:0px 4px 0px 4px; white-space: nowrap; background-image: url(tbl_bck010.png)\" class=\"hierarchy\"><img src=\"tbl_spacer.png\" alt=\".\" style=\"background-color: inherit\" class=\"hierarchy\"/><img src=\"tbl_blank.png\" alt=\".\" style=\"background-color: inherit\" class=\"hierarchy\"/><img src=\"tbl_vjoin.png\" alt=\".\" style=\"background-color: inherit\" class=\"hierarchy\"/><img src=\"icon_datatype.gif\" alt=\".\" style=\"background-color: #F7F7F7; background-color: inherit\" title=\"Data Type\" class=\"hierarchy\"/> <a href=\"StructureDefinition-FoodAllergyModel-definitions.html#FoodAllergyModel.reactions.manifestation\" title=\"How the reaction manifested itself, e.g. rash, breathing difficulty...\">manifestation</a><a name=\"FoodAllergyModel.reactions.manifestation\"> </a></td><td style=\"vertical-align: top; text-align : left; background-color: #F7F7F7; border: 0px #F0F0F0 solid; padding:0px 4px 0px 4px\" class=\"hierarchy\"/><td style=\"vertical-align: top; text-align : left; background-color: #F7F7F7; border: 0px #F0F0F0 solid; padding:0px 4px 0px 4px\" class=\"hierarchy\">0..1</td><td style=\"vertical-align: top; text-align : left; background-color: #F7F7F7; border: 0px #F0F0F0 solid; padding:0px 4px 0px 4px\" class=\"hierarchy\"><a href=\"http://build.fhir.org/datatypes.html#CodeableConcept\">CodeableConcept</a></td><td style=\"vertical-align: top; text-align : left; background-color: #F7F7F7; border: 0px #F0F0F0 solid; padding:0px 4px 0px 4px\" class=\"hierarchy\">How the reaction manifested itself</td></tr>\r\n<tr style=\"border: 0px #F0F0F0 solid; padding:0px; vertical-align: top; background-color: white\"><td style=\"vertical-align: top; text-align : left; background-color: white; border: 0px #F0F0F0 solid; padding:0px 4px 0px 4px; white-space: nowrap; background-image: url(tbl_bck010.png)\" class=\"hierarchy\"><img src=\"tbl_spacer.png\" alt=\".\" style=\"background-color: inherit\" class=\"hierarchy\"/><img src=\"tbl_blank.png\" alt=\".\" style=\"background-color: inherit\" class=\"hierarchy\"/><img src=\"tbl_vjoin.png\" alt=\".\" style=\"background-color: inherit\" class=\"hierarchy\"/><img src=\"icon_datatype.gif\" alt=\".\" style=\"background-color: white; background-color: inherit\" title=\"Data Type\" class=\"hierarchy\"/> <a href=\"StructureDefinition-FoodAllergyModel-definitions.html#FoodAllergyModel.reactions.certitude\" title=\"How certain we are that the cause of the reaction was the allergen indicated\">certitude</a><a name=\"FoodAllergyModel.reactions.certitude\"> </a></td><td style=\"vertical-align: top; text-align : left; background-color: white; border: 0px #F0F0F0 solid; padding:0px 4px 0px 4px\" class=\"hierarchy\"/><td style=\"vertical-align: top; text-align : left; background-color: white; border: 0px #F0F0F0 solid; padding:0px 4px 0px 4px\" class=\"hierarchy\">0..1</td><td style=\"vertical-align: top; text-align : left; background-color: white; border: 0px #F0F0F0 solid; padding:0px 4px 0px 4px\" class=\"hierarchy\"><a href=\"http://build.fhir.org/datatypes.html#CodeableConcept\">CodeableConcept</a></td><td style=\"vertical-align: top; text-align : left; background-color: white; border: 0px #F0F0F0 solid; padding:0px 4px 0px 4px\" class=\"hierarchy\">How certain we are that the cause of the reaction was the allergen indicated</td></tr>\r\n<tr style=\"border: 0px #F0F0F0 solid; padding:0px; vertical-align: top; background-color: #F7F7F7\"><td style=\"vertical-align: top; text-align : left; background-color: #F7F7F7; border: 0px #F0F0F0 solid; padding:0px 4px 0px 4px; white-space: nowrap; background-image: url(tbl_bck010.png)\" class=\"hierarchy\"><img src=\"tbl_spacer.png\" alt=\".\" style=\"background-color: inherit\" class=\"hierarchy\"/><img src=\"tbl_blank.png\" alt=\".\" style=\"background-color: inherit\" class=\"hierarchy\"/><img src=\"tbl_vjoin.png\" alt=\".\" style=\"background-color: inherit\" class=\"hierarchy\"/><img src=\"icon_datatype.gif\" alt=\".\" style=\"background-color: #F7F7F7; background-color: inherit\" title=\"Data Type\" class=\"hierarchy\"/> <a href=\"StructureDefinition-FoodAllergyModel-definitions.html#FoodAllergyModel.reactions.exposure\" title=\"The exposure route to the substance\">exposure</a><a name=\"FoodAllergyModel.reactions.exposure\"> </a></td><td style=\"vertical-align: top; text-align : left; background-color: #F7F7F7; border: 0px #F0F0F0 solid; padding:0px 4px 0px 4px\" class=\"hierarchy\"/><td style=\"vertical-align: top; text-align : left; background-color: #F7F7F7; border: 0px #F0F0F0 solid; padding:0px 4px 0px 4px\" class=\"hierarchy\">0..1</td><td style=\"vertical-align: top; text-align : left; background-color: #F7F7F7; border: 0px #F0F0F0 solid; padding:0px 4px 0px 4px\" class=\"hierarchy\"><a href=\"http://build.fhir.org/datatypes.html#CodeableConcept\">CodeableConcept</a></td><td style=\"vertical-align: top; text-align : left; background-color: #F7F7F7; border: 0px #F0F0F0 solid; padding:0px 4px 0px 4px\" class=\"hierarchy\">The exposure route to the substance</td></tr>\r\n<tr style=\"border: 0px #F0F0F0 solid; padding:0px; vertical-align: top; background-color: white\"><td style=\"vertical-align: top; text-align : left; background-color: white; border: 0px #F0F0F0 solid; padding:0px 4px 0px 4px; white-space: nowrap; background-image: url(tbl_bck000.png)\" class=\"hierarchy\"><img src=\"tbl_spacer.png\" alt=\".\" style=\"background-color: inherit\" class=\"hierarchy\"/><img src=\"tbl_blank.png\" alt=\".\" style=\"background-color: inherit\" class=\"hierarchy\"/><img src=\"tbl_vjoin_end.png\" alt=\".\" style=\"background-color: inherit\" class=\"hierarchy\"/><img src=\"icon_primitive.png\" alt=\".\" style=\"background-color: white; background-color: inherit\" title=\"Primitive Data Type\" class=\"hierarchy\"/> <a href=\"StructureDefinition-FoodAllergyModel-definitions.html#FoodAllergyModel.reactions.note\" title=\"Additional text note about the allergic reaction\">note</a><a name=\"FoodAllergyModel.reactions.note\"> </a></td><td style=\"vertical-align: top; text-align : left; background-color: white; border: 0px #F0F0F0 solid; padding:0px 4px 0px 4px\" class=\"hierarchy\"/><td style=\"vertical-align: top; text-align : left; background-color: white; border: 0px #F0F0F0 solid; padding:0px 4px 0px 4px\" class=\"hierarchy\">0..1</td><td style=\"vertical-align: top; text-align : left; background-color: white; border: 0px #F0F0F0 solid; padding:0px 4px 0px 4px\" class=\"hierarchy\"><a href=\"http://build.fhir.org/datatypes.html#string\">string</a></td><td style=\"vertical-align: top; text-align : left; background-color: white; border: 0px #F0F0F0 solid; padding:0px 4px 0px 4px\" class=\"hierarchy\">Additional text note about the allergic reaction</td></tr>\r\n<tr><td colspan=\"5\" class=\"hierarchy\"><br/><a href=\"http://build.fhir.org/formats.html#table\" title=\"Legend for this format\"><img src=\"http://build.fhir.org/help16.png\" alt=\"doco\" style=\"background-color: inherit\"/> Documentation for this format</a></td></tr></table></div>"
  },
  "url": "http://example.com/fhir/testable/StructureDefinition/FoodAllergyModel",
  "version": "1.0.0",
  "name": "FoodAllergyModel",
  "title": "Food Allergy Logical Model",
  "status": "active",
  "date": "2022-10-26T19:15:41+00:00",
  "publisher": "My Organization",
  "contact": [
    {
      "name": "My Organization",
      "telecom": [
        {
          "system": "url",
          "value": "http://example.com/committees"
        },
        {
          "system": "email",
          "value": "my-group@example.com"
        }
      ]
    },
    {
      "name": "Bob Smith",
      "telecom": [
        {
          "system": "email",
          "value": "bobsmith@example.com",
          "use": "work"
        }
      ]
    }
  ],
  "description": "Food Allergy information model",
  "jurisdiction": [
    {
      "coding": [
        {
          "system": "http://unstats.un.org/unsd/methods/m49/m49.htm",
          "code": "001",
          "display": "World"
        }
      ]
    }
  ],
  "fhirVersion": "5.0.0-ballot",
  "mapping": [
    {
      "identity": "rim",
      "uri": "http://hl7.org/v3",
      "name": "RIM Mapping"
    }
  ],
  "kind": "logical",
  "abstract": false,
  "type": "http://example.com/fhir/testable/StructureDefinition/FoodAllergyModel",
  "baseDefinition": "http://hl7.org/fhir/StructureDefinition/Base",
  "derivation": "specialization",
  "snapshot": {
    "element": [
      {
        "id": "FoodAllergyModel",
        "path": "FoodAllergyModel",
        "short": "Food Allergy Logical Model",
        "definition": "Food Allergy information model",
        "min": 0,
        "max": "*",
        "base": {
          "path": "Base",
          "min": 0,
          "max": "*"
        },
        "constraint": [
          {
            "key": "ele-1",
            "severity": "error",
            "human": "All FHIR elements must have a @value or children",
            "expression": "hasValue() or (children().count() > id.count())",
            "xpath": "@value|f:*|h:div",
            "source": "http://hl7.org/fhir/StructureDefinition/Element"
          }
        ],
        "isModifier": false,
        "mapping": [
          {
            "identity": "rim",
            "map": "n/a"
          }
        ]
      },
      {
        "id": "FoodAllergyModel.patient",
        "path": "FoodAllergyModel.patient",
        "short": "The person that has the allergy",
        "definition": "The person that has the allergy",
        "min": 1,
        "max": "1",
        "base": {
          "path": "FoodAllergyModel.patient",
          "min": 1,
          "max": "1"
        },
        "type": [
          {
            "code": "Reference"
          }
        ]
      },
      {
        "id": "FoodAllergyModel.allergen",
        "path": "FoodAllergyModel.allergen",
        "short": "The substance that the person is allergic to",
        "definition": "The substance - from a list of substances - that the person is allergic to. It is possible to use free text but for the products indicated, a code must be used",
        "min": 1,
        "max": "1",
        "base": {
          "path": "FoodAllergyModel.allergen",
          "min": 1,
          "max": "1"
        },
        "type": [
          {
            "code": "CodeableConcept"
          }
        ]
      },
      {
        "id": "FoodAllergyModel.clinicalStatus",
        "path": "FoodAllergyModel.clinicalStatus",
        "short": "The status of the allergy - if it is active or resolved",
        "definition": "The status of the allergy - if it is active or resolved",
        "min": 1,
        "max": "1",
        "base": {
          "path": "FoodAllergyModel.clinicalStatus",
          "min": 1,
          "max": "1"
        },
        "type": [
          {
            "code": "CodeableConcept"
          }
        ]
      },
      {
        "id": "FoodAllergyModel.verificationStatus",
        "path": "FoodAllergyModel.verificationStatus",
        "short": "The verification status of the allergy - if it is confirmed or suspected or refuted",
        "definition": "The verification status of the allergy - if it is confirmed or suspected or refuted",
        "min": 1,
        "max": "1",
        "base": {
          "path": "FoodAllergyModel.verificationStatus",
          "min": 1,
          "max": "1"
        },
        "type": [
          {
            "code": "CodeableConcept"
          }
        ]
      },
      {
        "id": "FoodAllergyModel.recordedDate",
        "path": "FoodAllergyModel.recordedDate",
        "short": "When the allergy was reported",
        "definition": "When the allergy was reported",
        "min": 0,
        "max": "1",
        "base": {
          "path": "FoodAllergyModel.recordedDate",
          "min": 0,
          "max": "1"
        },
        "type": [
          {
            "code": "dateTime"
          }
        ]
      },
      {
        "id": "FoodAllergyModel.recorder",
        "path": "FoodAllergyModel.recorder",
        "short": "Who recorded the allergy",
        "definition": "Who recorded the allergy",
        "min": 0,
        "max": "1",
        "base": {
          "path": "FoodAllergyModel.recorder",
          "min": 0,
          "max": "1"
        },
        "type": [
          {
            "code": "Reference"
          }
        ]
      },
      {
        "id": "FoodAllergyModel.asserter",
        "path": "FoodAllergyModel.asserter",
        "short": "Who asserted the allergy",
        "definition": " who asserted or provided the allergy information e.g. the patient, a relative, a care giver...",
        "min": 0,
        "max": "1",
        "base": {
          "path": "FoodAllergyModel.asserter",
          "min": 0,
          "max": "1"
        },
        "type": [
          {
            "code": "Reference"
          }
        ]
      },
      {
        "id": "FoodAllergyModel.reactions",
        "path": "FoodAllergyModel.reactions",
        "short": "known past reactions to the allergen",
        "definition": "known past reactions to the allergen",
        "min": 0,
        "max": "1",
        "base": {
          "path": "FoodAllergyModel.reactions",
          "min": 0,
          "max": "1"
        },
        "type": [
          {
            "code": "BackboneElement"
          }
        ]
      },
      {
        "id": "FoodAllergyModel.reactions.manifestation",
        "path": "FoodAllergyModel.reactions.manifestation",
        "short": "How the reaction manifested itself",
        "definition": "How the reaction manifested itself, e.g. rash, breathing difficulty...",
        "min": 0,
        "max": "1",
        "base": {
          "path": "FoodAllergyModel.reactions.manifestation",
          "min": 0,
          "max": "1"
        },
        "type": [
          {
            "code": "CodeableConcept"
          }
        ]
      },
      {
        "id": "FoodAllergyModel.reactions.certitude",
        "path": "FoodAllergyModel.reactions.certitude",
        "short": "How certain we are that the cause of the reaction was the allergen indicated",
        "definition": "How certain we are that the cause of the reaction was the allergen indicated",
        "min": 0,
        "max": "1",
        "base": {
          "path": "FoodAllergyModel.reactions.certitude",
          "min": 0,
          "max": "1"
        },
        "type": [
          {
            "code": "CodeableConcept"
          }
        ]
      },
      {
        "id": "FoodAllergyModel.reactions.exposure",
        "path": "FoodAllergyModel.reactions.exposure",
        "short": "The exposure route to the substance",
        "definition": "The exposure route to the substance",
        "min": 0,
        "max": "1",
        "base": {
          "path": "FoodAllergyModel.reactions.exposure",
          "min": 0,
          "max": "1"
        },
        "type": [
          {
            "code": "CodeableConcept"
          }
        ]
      },
      {
        "id": "FoodAllergyModel.reactions.note",
        "path": "FoodAllergyModel.reactions.note",
        "short": "Additional text note about the allergic reaction",
        "definition": "Additional text note about the allergic reaction",
        "min": 0,
        "max": "1",
        "base": {
          "path": "FoodAllergyModel.reactions.note",
          "min": 0,
          "max": "1"
        },
        "type": [
          {
            "code": "string"
          }
        ]
      }
    ]
  },
  "differential": {
    "element": [
      {
        "id": "FoodAllergyModel",
        "path": "FoodAllergyModel",
        "short": "Food Allergy Logical Model",
        "definition": "Food Allergy information model"
      },
      {
        "id": "FoodAllergyModel.patient",
        "path": "FoodAllergyModel.patient",
        "short": "The person that has the allergy",
        "definition": "The person that has the allergy",
        "min": 1,
        "max": "1",
        "type": [
          {
            "code": "Reference"
          }
        ]
      },
      {
        "id": "FoodAllergyModel.allergen",
        "path": "FoodAllergyModel.allergen",
        "short": "The substance that the person is allergic to",
        "definition": "The substance - from a list of substances - that the person is allergic to. It is possible to use free text but for the products indicated, a code must be used",
        "min": 1,
        "max": "1",
        "type": [
          {
            "code": "CodeableConcept"
          }
        ]
      },
      {
        "id": "FoodAllergyModel.clinicalStatus",
        "path": "FoodAllergyModel.clinicalStatus",
        "short": "The status of the allergy - if it is active or resolved",
        "definition": "The status of the allergy - if it is active or resolved",
        "min": 1,
        "max": "1",
        "type": [
          {
            "code": "CodeableConcept"
          }
        ]
      },
      {
        "id": "FoodAllergyModel.verificationStatus",
        "path": "FoodAllergyModel.verificationStatus",
        "short": "The verification status of the allergy - if it is confirmed or suspected or refuted",
        "definition": "The verification status of the allergy - if it is confirmed or suspected or refuted",
        "min": 1,
        "max": "1",
        "type": [
          {
            "code": "CodeableConcept"
          }
        ]
      },
      {
        "id": "FoodAllergyModel.recordedDate",
        "path": "FoodAllergyModel.recordedDate",
        "short": "When the allergy was reported",
        "definition": "When the allergy was reported",
        "min": 0,
        "max": "1",
        "type": [
          {
            "code": "dateTime"
          }
        ]
      },
      {
        "id": "FoodAllergyModel.recorder",
        "path": "FoodAllergyModel.recorder",
        "short": "Who recorded the allergy",
        "definition": "Who recorded the allergy",
        "min": 0,
        "max": "1",
        "type": [
          {
            "code": "Reference"
          }
        ]
      },
      {
        "id": "FoodAllergyModel.asserter",
        "path": "FoodAllergyModel.asserter",
        "short": "Who asserted the allergy",
        "definition": " who asserted or provided the allergy information e.g. the patient, a relative, a care giver...",
        "min": 0,
        "max": "1",
        "type": [
          {
            "code": "Reference"
          }
        ]
      },
      {
        "id": "FoodAllergyModel.reactions",
        "path": "FoodAllergyModel.reactions",
        "short": "known past reactions to the allergen",
        "definition": "known past reactions to the allergen",
        "min": 0,
        "max": "1",
        "type": [
          {
            "code": "BackboneElement"
          }
        ]
      },
      {
        "id": "FoodAllergyModel.reactions.manifestation",
        "path": "FoodAllergyModel.reactions.manifestation",
        "short": "How the reaction manifested itself",
        "definition": "How the reaction manifested itself, e.g. rash, breathing difficulty...",
        "min": 0,
        "max": "1",
        "type": [
          {
            "code": "CodeableConcept"
          }
        ]
      },
      {
        "id": "FoodAllergyModel.reactions.certitude",
        "path": "FoodAllergyModel.reactions.certitude",
        "short": "How certain we are that the cause of the reaction was the allergen indicated",
        "definition": "How certain we are that the cause of the reaction was the allergen indicated",
        "min": 0,
        "max": "1",
        "type": [
          {
            "code": "CodeableConcept"
          }
        ]
      },
      {
        "id": "FoodAllergyModel.reactions.exposure",
        "path": "FoodAllergyModel.reactions.exposure",
        "short": "The exposure route to the substance",
        "definition": "The exposure route to the substance",
        "min": 0,
        "max": "1",
        "type": [
          {
            "code": "CodeableConcept"
          }
        ]
      },
      {
        "id": "FoodAllergyModel.reactions.note",
        "path": "FoodAllergyModel.reactions.note",
        "short": "Additional text note about the allergic reaction",
        "definition": "Additional text note about the allergic reaction",
        "min": 0,
        "max": "1",
        "type": [
          {
            "code": "string"
          }
        ]
      }
    ]
  }
}