{"resourceType":"Questionnaire","id":"food-allergy-questionnaire","language":"en","text":{"status":"generated","div":"<div xmlns=\"http://www.w3.org/1999/xhtml\" xml:lang=\"en\" lang=\"en\"><table border=\"1\" cellpadding=\"0\" cellspacing=\"0\" style=\"border: 1px #F0F0F0 solid; font-size: 11px; font-family: verdana; vertical-align: top;\"><tr style=\"border: 2px #F0F0F0 solid; font-size: 11px; font-family: verdana; vertical-align: top\"><th style=\"vertical-align: top; text-align : left; background-color: white; border: 1px #F0F0F0 solid; padding:0px 4px 0px 4px\" class=\"hierarchy\"><a href=\"http://build.fhir.org/formats.html#table\" title=\"The linkId for the item\">LinkId</a></th><th style=\"vertical-align: top; text-align : left; background-color: white; border: 1px #F0F0F0 solid; padding:0px 4px 0px 4px\" class=\"hierarchy\"><a href=\"http://build.fhir.org/formats.html#table\" title=\"Text for the item\">Text</a></th><th style=\"vertical-align: top; text-align : left; background-color: white; border: 1px #F0F0F0 solid; padding:0px 4px 0px 4px\" class=\"hierarchy\"><a href=\"http://build.fhir.org/formats.html#table\" title=\"Minimum and Maximum # of times the the itemcan appear in the instance\">Cardinality</a></th><th style=\"vertical-align: top; text-align : left; background-color: white; border: 1px #F0F0F0 solid; padding:0px 4px 0px 4px\" class=\"hierarchy\"><a href=\"http://build.fhir.org/formats.html#table\" title=\"The type of the item\">Type</a></th><th style=\"vertical-align: top; text-align : left; background-color: white; border: 1px #F0F0F0 solid; padding:0px 4px 0px 4px\" class=\"hierarchy\"><a href=\"http://build.fhir.org/formats.html#table\" title=\"Additional information about the item\">Description &amp; Constraints</a><span style=\"float: right\"><a href=\"http://build.fhir.org/formats.html#table\" title=\"Legend for this format\"><img src=\"http://build.fhir.org/help16.png\" alt=\"doco\" style=\"background-color: inherit\"/></a></span></th></tr><tr style=\"border: 1px #F0F0F0 solid; padding:0px; vertical-align: top; background-color: white\"><td style=\"vertical-align: top; text-align : left; background-color: white; border: 1px #F0F0F0 solid; padding:0px 4px 0px 4px; white-space: nowrap; background-image: url(tbl_bck1.png)\" class=\"hierarchy\"><img src=\"tbl_spacer.png\" alt=\".\" style=\"background-color: inherit\" class=\"hierarchy\"/><img src=\"icon_q_root.gif\" alt=\".\" style=\"background-color: white; background-color: inherit\" title=\"QuestionnaireRoot\" class=\"hierarchy\"/> FoodAllergyQuestionnaire</td><td style=\"vertical-align: top; text-align : left; background-color: white; border: 1px #F0F0F0 solid; padding:0px 4px 0px 4px\" class=\"hierarchy\">A form for self-reported food allergies, including the basic information and contained valuesets</td><td style=\"vertical-align: top; text-align : left; background-color: white; border: 1px #F0F0F0 solid; padding:0px 4px 0px 4px\" class=\"hierarchy\"></td><td style=\"vertical-align: top; text-align : left; background-color: white; border: 1px #F0F0F0 solid; padding:0px 4px 0px 4px\" class=\"hierarchy\">Questionnaire</td><td style=\"vertical-align: top; text-align : left; background-color: white; border: 1px #F0F0F0 solid; padding:0px 4px 0px 4px\" class=\"hierarchy\">http://example.com/fhir/testable/Questionnaire/food-allergy-questionnaire#1.0.0</td></tr>\r\n<tr style=\"border: 1px #F0F0F0 solid; padding:0px; vertical-align: top; background-color: #F7F7F7\"><td style=\"vertical-align: top; text-align : left; background-color: #F7F7F7; border: 1px #F0F0F0 solid; padding:0px 4px 0px 4px; white-space: nowrap; background-image: url(tbl_bck10.png)\" id=\"item.title\" class=\"hierarchy\"><img src=\"tbl_spacer.png\" alt=\".\" style=\"background-color: inherit\" class=\"hierarchy\"/><img src=\"tbl_vjoin.png\" alt=\".\" style=\"background-color: inherit\" class=\"hierarchy\"/><img src=\"icon-q-display.png\" alt=\".\" style=\"background-color: #F7F7F7; background-color: inherit\" title=\"Display\" class=\"hierarchy\"/> title</td><td style=\"vertical-align: top; text-align : left; background-color: #F7F7F7; border: 1px #F0F0F0 solid; padding:0px 4px 0px 4px\" class=\"hierarchy\">Food Allergy report</td><td style=\"vertical-align: top; text-align : left; background-color: #F7F7F7; border: 1px #F0F0F0 solid; padding:0px 4px 0px 4px\" class=\"hierarchy\">0..1</td><td style=\"vertical-align: top; text-align : left; background-color: #F7F7F7; border: 1px #F0F0F0 solid; padding:0px 4px 0px 4px\" class=\"hierarchy\"><a href=\"http://build.fhir.org/codesystem-item-type.html#item-type-display\">display</a></td><td style=\"vertical-align: top; text-align : left; background-color: #F7F7F7; border: 1px #F0F0F0 solid; padding:0px 4px 0px 4px\" class=\"hierarchy\"/></tr>\r\n<tr style=\"border: 1px #F0F0F0 solid; padding:0px; vertical-align: top; background-color: white\"><td style=\"vertical-align: top; text-align : left; background-color: white; border: 1px #F0F0F0 solid; padding:0px 4px 0px 4px; white-space: nowrap; background-image: url(tbl_bck10.png)\" id=\"item.instructions\" class=\"hierarchy\"><img src=\"tbl_spacer.png\" alt=\".\" style=\"background-color: inherit\" class=\"hierarchy\"/><img src=\"tbl_vjoin.png\" alt=\".\" style=\"background-color: inherit\" class=\"hierarchy\"/><img src=\"icon-q-display.png\" alt=\".\" style=\"background-color: white; background-color: inherit\" title=\"Display\" class=\"hierarchy\"/> instructions</td><td style=\"vertical-align: top; text-align : left; background-color: white; border: 1px #F0F0F0 solid; padding:0px 4px 0px 4px\" class=\"hierarchy\">Reporting instructions: Please report any allergy or allergic reaction</td><td style=\"vertical-align: top; text-align : left; background-color: white; border: 1px #F0F0F0 solid; padding:0px 4px 0px 4px\" class=\"hierarchy\">0..1</td><td style=\"vertical-align: top; text-align : left; background-color: white; border: 1px #F0F0F0 solid; padding:0px 4px 0px 4px\" class=\"hierarchy\"><a href=\"http://build.fhir.org/codesystem-item-type.html#item-type-display\">display</a></td><td style=\"vertical-align: top; text-align : left; background-color: white; border: 1px #F0F0F0 solid; padding:0px 4px 0px 4px\" class=\"hierarchy\"/></tr>\r\n<tr style=\"border: 1px #F0F0F0 solid; padding:0px; vertical-align: top; background-color: #F7F7F7\"><td style=\"vertical-align: top; text-align : left; background-color: #F7F7F7; border: 1px #F0F0F0 solid; padding:0px 4px 0px 4px; white-space: nowrap; background-image: url(tbl_bck10.png)\" id=\"item.patient\" class=\"hierarchy\"><img src=\"tbl_spacer.png\" alt=\".\" style=\"background-color: inherit\" class=\"hierarchy\"/><img src=\"tbl_vjoin.png\" alt=\".\" style=\"background-color: inherit\" class=\"hierarchy\"/><img src=\"icon-q-string.png\" alt=\".\" style=\"background-color: #F7F7F7; background-color: inherit\" title=\"String\" class=\"hierarchy\"/> patient</td><td style=\"vertical-align: top; text-align : left; background-color: #F7F7F7; border: 1px #F0F0F0 solid; padding:0px 4px 0px 4px\" class=\"hierarchy\">Patient ID</td><td style=\"vertical-align: top; text-align : left; background-color: #F7F7F7; border: 1px #F0F0F0 solid; padding:0px 4px 0px 4px\" class=\"hierarchy\">0..1</td><td style=\"vertical-align: top; text-align : left; background-color: #F7F7F7; border: 1px #F0F0F0 solid; padding:0px 4px 0px 4px\" class=\"hierarchy\"><a href=\"http://build.fhir.org/codesystem-item-type.html#item-type-string\">string</a></td><td style=\"vertical-align: top; text-align : left; background-color: #F7F7F7; border: 1px #F0F0F0 solid; padding:0px 4px 0px 4px\" class=\"hierarchy\"/></tr>\r\n<tr style=\"border: 1px #F0F0F0 solid; padding:0px; vertical-align: top; background-color: white\"><td style=\"vertical-align: top; text-align : left; background-color: white; border: 1px #F0F0F0 solid; padding:0px 4px 0px 4px; white-space: nowrap; background-image: url(tbl_bck10.png)\" id=\"item.allergen\" class=\"hierarchy\"><img src=\"tbl_spacer.png\" alt=\".\" style=\"background-color: inherit\" class=\"hierarchy\"/><img src=\"tbl_vjoin.png\" alt=\".\" style=\"background-color: inherit\" class=\"hierarchy\"/><img src=\"icon-q-coding.png\" alt=\".\" style=\"background-color: white; background-color: inherit\" title=\"Coding\" class=\"hierarchy\"/> allergen</td><td style=\"vertical-align: top; text-align : left; background-color: white; border: 1px #F0F0F0 solid; padding:0px 4px 0px 4px\" class=\"hierarchy\">Substance that the person is allergic to</td><td style=\"vertical-align: top; text-align : left; background-color: white; border: 1px #F0F0F0 solid; padding:0px 4px 0px 4px\" class=\"hierarchy\">0..1</td><td style=\"vertical-align: top; text-align : left; background-color: white; border: 1px #F0F0F0 solid; padding:0px 4px 0px 4px\" class=\"hierarchy\"><a href=\"http://build.fhir.org/codesystem-item-type.html#item-type-coding\">coding</a></td><td style=\"vertical-align: top; text-align : left; background-color: white; border: 1px #F0F0F0 solid; padding:0px 4px 0px 4px\" class=\"hierarchy\">Value Set: <a href=\"ValueSet-food-allergy-questionnaire_vs-food-allergy-cont.html\">FoodAllergyVS</a></td></tr>\r\n<tr style=\"border: 1px #F0F0F0 solid; padding:0px; vertical-align: top; background-color: #F7F7F7\"><td style=\"vertical-align: top; text-align : left; background-color: #F7F7F7; border: 1px #F0F0F0 solid; padding:0px 4px 0px 4px; white-space: nowrap; background-image: url(tbl_bck10.png)\" id=\"item.clinicalStatus\" class=\"hierarchy\"><img src=\"tbl_spacer.png\" alt=\".\" style=\"background-color: inherit\" class=\"hierarchy\"/><img src=\"tbl_vjoin.png\" alt=\".\" style=\"background-color: inherit\" class=\"hierarchy\"/><img src=\"icon-q-coding.png\" alt=\".\" style=\"background-color: #F7F7F7; background-color: inherit\" title=\"Coding\" class=\"hierarchy\"/> clinicalStatus</td><td style=\"vertical-align: top; text-align : left; background-color: #F7F7F7; border: 1px #F0F0F0 solid; padding:0px 4px 0px 4px\" class=\"hierarchy\">Status of the allergy - active or resolved</td><td style=\"vertical-align: top; text-align : left; background-color: #F7F7F7; border: 1px #F0F0F0 solid; padding:0px 4px 0px 4px\" class=\"hierarchy\">0..1</td><td style=\"vertical-align: top; text-align : left; background-color: #F7F7F7; border: 1px #F0F0F0 solid; padding:0px 4px 0px 4px\" class=\"hierarchy\"><a href=\"http://build.fhir.org/codesystem-item-type.html#item-type-coding\">coding</a></td><td style=\"vertical-align: top; text-align : left; background-color: #F7F7F7; border: 1px #F0F0F0 solid; padding:0px 4px 0px 4px\" class=\"hierarchy\">Value Set: <a href=\"ValueSet-food-allergy-questionnaire_vs-food-allergy-clinstatus-cont.html\">FoodAllergyVS</a></td></tr>\r\n<tr style=\"border: 1px #F0F0F0 solid; padding:0px; vertical-align: top; background-color: white\"><td style=\"vertical-align: top; text-align : left; background-color: white; border: 1px #F0F0F0 solid; padding:0px 4px 0px 4px; white-space: nowrap; background-image: url(tbl_bck10.png)\" id=\"item.verificationStatus\" class=\"hierarchy\"><img src=\"tbl_spacer.png\" alt=\".\" style=\"background-color: inherit\" class=\"hierarchy\"/><img src=\"tbl_vjoin.png\" alt=\".\" style=\"background-color: inherit\" class=\"hierarchy\"/><img src=\"icon-q-coding.png\" alt=\".\" style=\"background-color: white; background-color: inherit\" title=\"Coding\" class=\"hierarchy\"/> verificationStatus</td><td style=\"vertical-align: top; text-align : left; background-color: white; border: 1px #F0F0F0 solid; padding:0px 4px 0px 4px\" class=\"hierarchy\">Verification status of the allergy - confirmed or suspected or refuted</td><td style=\"vertical-align: top; text-align : left; background-color: white; border: 1px #F0F0F0 solid; padding:0px 4px 0px 4px\" class=\"hierarchy\">0..1</td><td style=\"vertical-align: top; text-align : left; background-color: white; border: 1px #F0F0F0 solid; padding:0px 4px 0px 4px\" class=\"hierarchy\"><a href=\"http://build.fhir.org/codesystem-item-type.html#item-type-coding\">coding</a></td><td style=\"vertical-align: top; text-align : left; background-color: white; border: 1px #F0F0F0 solid; padding:0px 4px 0px 4px\" class=\"hierarchy\">Value Set: <a href=\"ValueSet-food-allergy-questionnaire_vs-food-allergy-verifstatus-cont.html\">FoodAllergyVerificationStatusVS</a></td></tr>\r\n<tr style=\"border: 1px #F0F0F0 solid; padding:0px; vertical-align: top; background-color: #F7F7F7\"><td style=\"vertical-align: top; text-align : left; background-color: #F7F7F7; border: 1px #F0F0F0 solid; padding:0px 4px 0px 4px; white-space: nowrap; background-image: url(tbl_bck10.png)\" id=\"item.recordedDate\" class=\"hierarchy\"><img src=\"tbl_spacer.png\" alt=\".\" style=\"background-color: inherit\" class=\"hierarchy\"/><img src=\"tbl_vjoin.png\" alt=\".\" style=\"background-color: inherit\" class=\"hierarchy\"/><img src=\"icon-q-date.png\" alt=\".\" style=\"background-color: #F7F7F7; background-color: inherit\" title=\"Date\" class=\"hierarchy\"/> recordedDate</td><td style=\"vertical-align: top; text-align : left; background-color: #F7F7F7; border: 1px #F0F0F0 solid; padding:0px 4px 0px 4px\" class=\"hierarchy\">When was it reported</td><td style=\"vertical-align: top; text-align : left; background-color: #F7F7F7; border: 1px #F0F0F0 solid; padding:0px 4px 0px 4px\" class=\"hierarchy\">0..1</td><td style=\"vertical-align: top; text-align : left; background-color: #F7F7F7; border: 1px #F0F0F0 solid; padding:0px 4px 0px 4px\" class=\"hierarchy\"><a href=\"http://build.fhir.org/codesystem-item-type.html#item-type-date\">date</a></td><td style=\"vertical-align: top; text-align : left; background-color: #F7F7F7; border: 1px #F0F0F0 solid; padding:0px 4px 0px 4px\" class=\"hierarchy\"/></tr>\r\n<tr style=\"border: 1px #F0F0F0 solid; padding:0px; vertical-align: top; background-color: white\"><td style=\"vertical-align: top; text-align : left; background-color: white; border: 1px #F0F0F0 solid; padding:0px 4px 0px 4px; white-space: nowrap; background-image: url(tbl_bck10.png)\" id=\"item.recorder\" class=\"hierarchy\"><img src=\"tbl_spacer.png\" alt=\".\" style=\"background-color: inherit\" class=\"hierarchy\"/><img src=\"tbl_vjoin.png\" alt=\".\" style=\"background-color: inherit\" class=\"hierarchy\"/><img src=\"icon-q-string.png\" alt=\".\" style=\"background-color: white; background-color: inherit\" title=\"String\" class=\"hierarchy\"/> recorder</td><td style=\"vertical-align: top; text-align : left; background-color: white; border: 1px #F0F0F0 solid; padding:0px 4px 0px 4px\" class=\"hierarchy\">Who recorded the allergy</td><td style=\"vertical-align: top; text-align : left; background-color: white; border: 1px #F0F0F0 solid; padding:0px 4px 0px 4px\" class=\"hierarchy\">0..1</td><td style=\"vertical-align: top; text-align : left; background-color: white; border: 1px #F0F0F0 solid; padding:0px 4px 0px 4px\" class=\"hierarchy\"><a href=\"http://build.fhir.org/codesystem-item-type.html#item-type-string\">string</a></td><td style=\"vertical-align: top; text-align : left; background-color: white; border: 1px #F0F0F0 solid; padding:0px 4px 0px 4px\" class=\"hierarchy\"/></tr>\r\n<tr style=\"border: 1px #F0F0F0 solid; padding:0px; vertical-align: top; background-color: #F7F7F7\"><td style=\"vertical-align: top; text-align : left; background-color: #F7F7F7; border: 1px #F0F0F0 solid; padding:0px 4px 0px 4px; white-space: nowrap; background-image: url(tbl_bck10.png)\" id=\"item.asserter\" class=\"hierarchy\"><img src=\"tbl_spacer.png\" alt=\".\" style=\"background-color: inherit\" class=\"hierarchy\"/><img src=\"tbl_vjoin.png\" alt=\".\" style=\"background-color: inherit\" class=\"hierarchy\"/><img src=\"icon-q-string.png\" alt=\".\" style=\"background-color: #F7F7F7; background-color: inherit\" title=\"String\" class=\"hierarchy\"/> asserter</td><td style=\"vertical-align: top; text-align : left; background-color: #F7F7F7; border: 1px #F0F0F0 solid; padding:0px 4px 0px 4px\" class=\"hierarchy\">Who asserted the allergy</td><td style=\"vertical-align: top; text-align : left; background-color: #F7F7F7; border: 1px #F0F0F0 solid; padding:0px 4px 0px 4px\" class=\"hierarchy\">0..1</td><td style=\"vertical-align: top; text-align : left; background-color: #F7F7F7; border: 1px #F0F0F0 solid; padding:0px 4px 0px 4px\" class=\"hierarchy\"><a href=\"http://build.fhir.org/codesystem-item-type.html#item-type-string\">string</a></td><td style=\"vertical-align: top; text-align : left; background-color: #F7F7F7; border: 1px #F0F0F0 solid; padding:0px 4px 0px 4px\" class=\"hierarchy\"/></tr>\r\n<tr style=\"border: 1px #F0F0F0 solid; padding:0px; vertical-align: top; background-color: white\"><td style=\"vertical-align: top; text-align : left; background-color: white; border: 1px #F0F0F0 solid; padding:0px 4px 0px 4px; white-space: nowrap; background-image: url(tbl_bck01.png)\" id=\"item.reactions\" class=\"hierarchy\"><img src=\"tbl_spacer.png\" alt=\".\" style=\"background-color: inherit\" class=\"hierarchy\"/><img src=\"tbl_vjoin_end.png\" alt=\".\" style=\"background-color: inherit\" class=\"hierarchy\"/><img src=\"icon-q-group.png\" alt=\".\" style=\"background-color: white; background-color: inherit\" title=\"Group\" class=\"hierarchy\"/> reactions</td><td style=\"vertical-align: top; text-align : left; background-color: white; border: 1px #F0F0F0 solid; padding:0px 4px 0px 4px\" class=\"hierarchy\">Reactions</td><td style=\"vertical-align: top; text-align : left; background-color: white; border: 1px #F0F0F0 solid; padding:0px 4px 0px 4px\" class=\"hierarchy\">0..1</td><td style=\"vertical-align: top; text-align : left; background-color: white; border: 1px #F0F0F0 solid; padding:0px 4px 0px 4px\" class=\"hierarchy\"><a href=\"http://build.fhir.org/codesystem-item-type.html#item-type-group\">group</a></td><td style=\"vertical-align: top; text-align : left; background-color: white; border: 1px #F0F0F0 solid; padding:0px 4px 0px 4px\" class=\"hierarchy\"/></tr>\r\n<tr style=\"border: 1px #F0F0F0 solid; padding:0px; vertical-align: top; background-color: #F7F7F7\"><td style=\"vertical-align: top; text-align : left; background-color: #F7F7F7; border: 1px #F0F0F0 solid; padding:0px 4px 0px 4px; white-space: nowrap; background-image: url(tbl_bck010.png)\" id=\"item.substance\" class=\"hierarchy\"><img src=\"tbl_spacer.png\" alt=\".\" style=\"background-color: inherit\" class=\"hierarchy\"/><img src=\"tbl_blank.png\" alt=\".\" style=\"background-color: inherit\" class=\"hierarchy\"/><img src=\"tbl_vjoin.png\" alt=\".\" style=\"background-color: inherit\" class=\"hierarchy\"/><img src=\"icon-q-string.png\" alt=\".\" style=\"background-color: #F7F7F7; background-color: inherit\" title=\"String\" class=\"hierarchy\"/> substance</td><td style=\"vertical-align: top; text-align : left; background-color: #F7F7F7; border: 1px #F0F0F0 solid; padding:0px 4px 0px 4px\" class=\"hierarchy\">Substance that is thought to have triggered the reaction</td><td style=\"vertical-align: top; text-align : left; background-color: #F7F7F7; border: 1px #F0F0F0 solid; padding:0px 4px 0px 4px\" class=\"hierarchy\">0..1</td><td style=\"vertical-align: top; text-align : left; background-color: #F7F7F7; border: 1px #F0F0F0 solid; padding:0px 4px 0px 4px\" class=\"hierarchy\"><a href=\"http://build.fhir.org/codesystem-item-type.html#item-type-string\">string</a></td><td style=\"vertical-align: top; text-align : left; background-color: #F7F7F7; border: 1px #F0F0F0 solid; padding:0px 4px 0px 4px\" class=\"hierarchy\"/></tr>\r\n<tr style=\"border: 1px #F0F0F0 solid; padding:0px; vertical-align: top; background-color: white\"><td style=\"vertical-align: top; text-align : left; background-color: white; border: 1px #F0F0F0 solid; padding:0px 4px 0px 4px; white-space: nowrap; background-image: url(tbl_bck010.png)\" id=\"item.manifestation\" class=\"hierarchy\"><img src=\"tbl_spacer.png\" alt=\".\" style=\"background-color: inherit\" class=\"hierarchy\"/><img src=\"tbl_blank.png\" alt=\".\" style=\"background-color: inherit\" class=\"hierarchy\"/><img src=\"tbl_vjoin.png\" alt=\".\" style=\"background-color: inherit\" class=\"hierarchy\"/><img src=\"icon-q-string.png\" alt=\".\" style=\"background-color: white; background-color: inherit\" title=\"String\" class=\"hierarchy\"/> manifestation</td><td style=\"vertical-align: top; text-align : left; background-color: white; border: 1px #F0F0F0 solid; padding:0px 4px 0px 4px\" class=\"hierarchy\">Manifestation</td><td style=\"vertical-align: top; text-align : left; background-color: white; border: 1px #F0F0F0 solid; padding:0px 4px 0px 4px\" class=\"hierarchy\">0..1</td><td style=\"vertical-align: top; text-align : left; background-color: white; border: 1px #F0F0F0 solid; padding:0px 4px 0px 4px\" class=\"hierarchy\"><a href=\"http://build.fhir.org/codesystem-item-type.html#item-type-string\">string</a></td><td style=\"vertical-align: top; text-align : left; background-color: white; border: 1px #F0F0F0 solid; padding:0px 4px 0px 4px\" class=\"hierarchy\"/></tr>\r\n<tr style=\"border: 1px #F0F0F0 solid; padding:0px; vertical-align: top; background-color: #F7F7F7\"><td style=\"vertical-align: top; text-align : left; background-color: #F7F7F7; border: 1px #F0F0F0 solid; padding:0px 4px 0px 4px; white-space: nowrap; background-image: url(tbl_bck000.png)\" id=\"item.note\" class=\"hierarchy\"><img src=\"tbl_spacer.png\" alt=\".\" style=\"background-color: inherit\" class=\"hierarchy\"/><img src=\"tbl_blank.png\" alt=\".\" style=\"background-color: inherit\" class=\"hierarchy\"/><img src=\"tbl_vjoin_end.png\" alt=\".\" style=\"background-color: inherit\" class=\"hierarchy\"/><img src=\"icon-q-string.png\" alt=\".\" style=\"background-color: #F7F7F7; background-color: inherit\" title=\"String\" class=\"hierarchy\"/> note</td><td style=\"vertical-align: top; text-align : left; background-color: #F7F7F7; border: 1px #F0F0F0 solid; padding:0px 4px 0px 4px\" class=\"hierarchy\">Note</td><td style=\"vertical-align: top; text-align : left; background-color: #F7F7F7; border: 1px #F0F0F0 solid; padding:0px 4px 0px 4px\" class=\"hierarchy\">0..1</td><td style=\"vertical-align: top; text-align : left; background-color: #F7F7F7; border: 1px #F0F0F0 solid; padding:0px 4px 0px 4px\" class=\"hierarchy\"><a href=\"http://build.fhir.org/codesystem-item-type.html#item-type-string\">string</a></td><td style=\"vertical-align: top; text-align : left; background-color: #F7F7F7; border: 1px #F0F0F0 solid; padding:0px 4px 0px 4px\" class=\"hierarchy\"/></tr>\r\n<tr><td colspan=\"5\" class=\"hierarchy\"><br/><a href=\"http://build.fhir.org/formats.html#table\" title=\"Legend for this format\"><img src=\"http://build.fhir.org/help16.png\" alt=\"doco\" style=\"background-color: inherit\"/> Documentation for this format</a></td></tr></table></div>"},"contained":[{"resourceType":"ValueSet","id":"vs-food-allergy-cont","name":"FoodAllergyVS","status":"active","expansion":{"timestamp":"2022-01-27","contains":[{"system":"http://snomed.info/sct","code":"91935009","display":"Allergy to peanut"},{"system":"http://snomed.info/sct","code":"48821000119104","display":"Allergy to tree nut"},{"system":"http://snomed.info/sct","code":"782555009","display":"Allergy to cow’s milk protein"},{"system":"http://snomed.info/sct","code":"213020009","display":"Allergy to egg protein"},{"system":"http://snomed.info/sct","code":"417532002","display":"Allergy to fish"},{"system":"http://snomed.info/sct","code":"300913006","display":"Allergy to shellfish"},{"system":"http://snomed.info/sct","code":"782594005","display":"Allergy to soy protein"},{"system":"http://snomed.info/sct","code":"260167008","display":"Sesame seed"},{"system":"http://snomed.info/sct","code":"21191000122102","display":"Allergy to mustard"},{"system":"http://snomed.info/sct","code":"712843002","display":"Allergy to celery"},{"system":"http://snomed.info/sct","code":"782575000","display":"Allergy to lupine seed"}]}},{"resourceType":"ValueSet","id":"vs-food-allergy-verifstatus-cont","name":"FoodAllergyVerificationStatusVS","status":"active","expansion":{"timestamp":"2022-01-27","contains":[{"system":"http://snomed.info/sct","code":"410605003","display":"Confirmed present"},{"system":"http://snomed.info/sct","code":"415684004","display":"Suspected"}]}},{"resourceType":"ValueSet","id":"vs-food-allergy-clinstatus-cont","name":"FoodAllergyVS","status":"active","expansion":{"timestamp":"2022-01-27","contains":[{"system":"http://snomed.info/sct","code":"723506003","display":"Resolved"},{"system":"http://snomed.info/sct","code":"55561003","display":"Active"}]}}],"url":"http://example.com/fhir/testable/Questionnaire/food-allergy-questionnaire","version":"1.0.0","name":"FoodAllergyQuestionnaire","title":"Food Allergy self-report","status":"draft","subjectType":["Patient"],"date":"2022-11-17T16:07:39+00:00","publisher":"My Organization","contact":[{"name":"My Organization","telecom":[{"system":"url","value":"http://example.com/committees"},{"system":"email","value":"my-group@example.com"}]},{"name":"Bob Smith","telecom":[{"system":"email","value":"bobsmith@example.com","use":"work"}]}],"description":"A form for self-reported food allergies, including the basic information and contained valuesets","jurisdiction":[{"coding":[{"system":"http://unstats.un.org/unsd/methods/m49/m49.htm","code":"001","display":"World"}]}],"item":[{"linkId":"title","text":"Food Allergy report","type":"display"},{"linkId":"instructions","text":"Reporting instructions: Please report any allergy or allergic reaction","type":"display"},{"linkId":"patient","text":"Patient ID","type":"string","repeats":false},{"linkId":"allergen","text":"Substance that the person is allergic to","type":"coding","repeats":false,"answerValueSet":"#vs-food-allergy-cont"},{"linkId":"clinicalStatus","text":"Status of the allergy - active or resolved","type":"coding","repeats":false,"answerValueSet":"#vs-food-allergy-clinstatus-cont"},{"linkId":"verificationStatus","text":"Verification status of the allergy - confirmed or suspected or refuted","type":"coding","repeats":false,"answerValueSet":"#vs-food-allergy-verifstatus-cont"},{"linkId":"recordedDate","text":"When was it reported","type":"date","repeats":false},{"linkId":"recorder","text":"Who recorded the allergy","type":"string","repeats":false},{"linkId":"asserter","text":"Who asserted the allergy","type":"string","repeats":false},{"linkId":"reactions","text":"Reactions","type":"group","repeats":false,"item":[{"linkId":"substance","text":"Substance that is thought to have triggered the reaction","type":"string","repeats":false},{"linkId":"manifestation","text":"Manifestation","type":"string","repeats":false},{"linkId":"note","text":"Note","type":"string","repeats":false}]}]}